date,channel,sessions,engaged_sessions,purchases,revenue,users
2026-01-31,Organic Search,3612,2576,81,6036.91,2936
2026-01-28,Organic Search,3528,2537,80,6490.93,2922
2026-03-02,Organic Search,3411,2453,59,4633.84,2687
2026-01-29,Organic Search,3309,2295,85,6827.86,2595
2026-02-05,Organic Search,3309,2411,90,5752.68,2648
2026-03-01,Organic Search,3301,2429,70,5104.84,2731
2026-01-25,Organic Search,3296,2464,59,4531.93,2773
2026-01-24,Organic Search,3285,2280,54,3778.99,2633
2026-01-27,Organic Search,3282,2405,65,4577.88,2668
2026-01-30,Organic Search,3276,2387,73,5553.85,2749
2026-01-26,Organic Search,3266,2258,56,3775.53,2582
2026-01-17,Organic Search,3205,2190,57,4318.32,2557
2026-03-03,Organic Search,3165,2281,66,5895.36,2513
2026-02-06,Organic Search,3154,2240,54,3512.9,2574
2026-06-21,Unassigned,2947,1,47,3119.75,2572
2026-03-05,Organic Search,2934,2141,53,4477.91,2337
2026-01-23,Organic Search,2916,2088,55,4189.99,2369
2026-02-10,Organic Search,2904,2105,57,4000.82,2342
2026-01-21,Organic Search,2885,2097,66,4646.0,2313
2026-02-11,Organic Search,2879,2139,53,3474.8,2349
2026-02-09,Organic Search,2827,2091,53,3608.95,2333
2026-03-04,Organic Search,2821,2080,60,3652.77,2321
2026-01-22,Organic Search,2751,1975,54,3544.87,2252
2026-02-08,Organic Search,2738,1950,68,4679.3,2214
2026-02-22,Organic Search,2728,1997,64,4853.28,2200
2026-02-25,Organic Search,2714,1949,62,4249.84,2120
2026-01-18,Organic Search,2672,1927,64,4837.88,2130
2026-02-17,Organic Search,2654,1893,58,4152.33,2112
2026-01-16,Organic Search,2652,1935,54,3808.47,2169
2026-03-06,Organic Search,2649,1823,40,2947.93,2082
2026-03-08,Organic Search,2642,1862,47,3192.85,2132
2026-02-21,Organic Search,2620,1903,35,2383.91,2129
2026-02-19,Organic Search,2591,1883,56,4268.92,2044
2026-03-09,Organic Search,2575,1842,42,2772.93,2055
2026-02-16,Organic Search,2561,1803,53,3819.31,2043
2026-02-27,Organic Search,2525,1769,66,5341.49,2003
2026-03-07,Organic Search,2525,1818,41,3182.05,2008
2026-02-28,Organic Search,2517,1801,53,3816.98,1977
2026-02-12,Organic Search,2507,1744,48,3231.88,1978
2026-02-07,Organic Search,2495,1806,56,4368.82,2026
2026-01-20,Organic Search,2481,1882,49,3920.86,2008
2026-03-11,Organic Search,2473,1767,41,2868.79,1991
2026-02-23,Organic Search,2468,1801,39,2615.92,1978
2026-02-18,Organic Search,2464,1764,46,3145.34,1988
2026-03-10,Organic Search,2460,1760,47,3985.9,1959
2026-03-14,Organic Search,2452,1772,28,2068.44,1999
2026-02-15,Organic Search,2445,1765,54,3461.85,1993
2026-02-20,Organic Search,2427,1731,27,2564.94,1938
2026-02-26,Organic Search,2427,1787,58,3649.93,1945
2025-08-31,Unassigned,2399,3,0,0.0,2403
2026-03-12,Organic Search,2379,1668,48,3800.75,1850
2026-01-30,Direct,2364,1522,33,2015.93,2232
2026-05-25,Organic Search,2363,1686,60,3817.27,1839
2026-02-14,Organic Search,2355,1654,44,3404.0,1886
2026-03-15,Organic Search,2352,1693,29,2113.88,1882
2026-01-07,Unassigned,2344,6,0,0.0,2337
2026-02-01,Organic Search,2344,1593,68,4844.91,1850
2026-04-27,Organic Search,2336,1693,39,3193.54,1867
2026-04-26,Organic Search,2328,1646,34,2033.82,1892
2025-10-01,Unassigned,2302,4,0,0.0,2308
2026-05-27,Organic Search,2285,1646,66,3892.17,1789
2026-01-29,Direct,2282,1554,36,2189.93,2159
2026-02-04,Organic Search,2282,1616,69,4907.17,1798
2026-03-22,Organic Search,2278,1658,23,1627.86,1853
2026-04-07,Organic Search,2275,1653,39,2802.78,1812
2026-01-24,Direct,2274,1387,27,1544.96,2122
2026-04-08,Organic Search,2269,1662,50,3730.93,1793
2026-05-02,Organic Search,2268,1573,38,2877.46,1792
2026-02-13,Organic Search,2259,1574,36,2513.41,1802
2026-03-01,Direct,2259,1534,24,1797.53,2123
2026-04-29,Organic Search,2255,1641,39,2904.83,1839
2026-03-13,Organic Search,2254,1626,38,3491.94,1821
2026-03-21,Organic Search,2231,1620,39,2559.94,1774
2026-04-25,Organic Search,2231,1554,31,2175.54,1792
2026-02-03,Organic Search,2226,1516,63,5137.82,1748
2026-01-15,Organic Search,2219,1650,44,3197.95,1826
2026-04-06,Organic Search,2204,1571,22,1783.17,1807
2026-03-31,Organic Search,2201,1546,38,2781.9,1777
2026-04-28,Organic Search,2197,1550,28,2458.92,1799
2026-03-25,Organic Search,2186,1552,30,2534.94,1787
2026-01-23,Direct,2182,1359,21,1384.04,2028
2026-01-18,Direct,2178,1458,28,2050.05,2032
2026-02-08,Direct,2169,1298,44,2969.88,2023
2026-02-02,Organic Search,2168,1508,57,4160.86,1666
2026-05-28,Organic Search,2162,1561,51,3161.51,1704
2026-06-01,Organic Search,2144,1545,54,3884.91,1717
2026-01-28,Direct,2128,1387,22,1305.94,1946
2026-05-26,Organic Search,2124,1557,53,3949.84,1710
2026-02-24,Organic Search,2121,1551,40,2977.89,1711
2026-03-23,Organic Search,2105,1546,32,2505.91,1727
2026-05-24,Organic Search,2088,1486,41,2491.74,1668
2026-03-27,Organic Search,2086,1475,38,2922.35,1679
2026-01-19,Organic Search,2083,1439,59,4651.93,1613
2026-05-21,Organic Search,2074,1511,42,2482.66,1666
2026-05-23,Organic Search,2074,1484,45,2921.73,1646
2026-03-26,Organic Search,2073,1492,32,2103.43,1717
2026-05-22,Organic Search,2071,1510,48,3595.51,1654
2026-06-10,Organic Search,2068,1471,52,4019.85,1583
2026-05-16,Organic Search,2063,1474,32,2209.77,1635
2026-01-31,Direct,2062,1239,16,828.0,1913
2026-05-01,Organic Search,2056,1457,42,3105.64,1611
2026-05-09,Organic Search,2041,1413,36,2608.53,1624
2026-06-07,Organic Search,2032,1459,54,4297.74,1598
2026-06-08,Organic Search,2028,1428,44,4040.76,1613
2026-05-03,Organic Search,2025,1448,27,2095.75,1636
2026-06-15,Organic Search,2023,1460,54,3806.85,1616
2026-06-17,Organic Search,2013,1415,54,4070.66,1599
2026-01-25,Direct,2012,1236,33,2057.92,1893
2026-05-19,Organic Search,2011,1465,43,3438.57,1643
2026-05-08,Organic Search,2010,1420,47,3273.22,1578
2026-06-09,Organic Search,2005,1429,73,5347.83,1584
2026-05-13,Organic Search,2003,1446,39,2473.22,1615
2026-05-29,Organic Search,1999,1419,47,3149.62,1570
2026-04-24,Organic Search,1993,1445,36,3329.65,1618
2026-06-14,Organic Search,1993,1398,43,2861.61,1578
2026-03-30,Organic Search,1990,1437,24,1622.73,1630
2026-03-20,Organic Search,1983,1479,23,1492.94,1616
2026-06-13,Organic Search,1982,1397,36,2598.94,1557
2026-04-04,Organic Search,1979,1402,21,1698.37,1540
2026-03-16,Organic Search,1973,1395,27,1831.9,1590
2026-03-24,Organic Search,1973,1460,18,1182.97,1626
2026-04-20,Organic Search,1973,1433,38,2562.2,1601
2026-05-30,Organic Search,1967,1376,44,3361.85,1537
2026-05-20,Organic Search,1966,1454,51,3640.3,1579
2026-03-17,Organic Search,1962,1368,22,1785.96,1546
2026-01-21,Direct,1952,1199,32,2331.9,1793
2026-05-10,Organic Search,1949,1396,55,3743.75,1576
2026-05-11,Organic Search,1942,1417,50,3275.68,1567
2026-05-15,Organic Search,1938,1386,44,2845.66,1541
2026-03-28,Organic Search,1936,1360,30,2342.67,1550
2026-05-14,Organic Search,1936,1377,40,2967.73,1561
2026-04-03,Organic Search,1930,1379,22,1740.88,1550
2026-01-22,Direct,1925,1187,25,1656.95,1772
2026-04-19,Organic Search,1925,1403,28,2080.5,1590
2026-02-01,Direct,1924,1225,32,2564.42,1704
2026-04-05,Organic Search,1922,1391,29,2459.96,1547
2026-05-18,Organic Search,1922,1372,34,1998.61,1537
2026-02-05,Direct,1919,1174,27,1642.94,1756
2026-06-04,Organic Search,1918,1379,47,3543.74,1516
2026-01-27,Direct,1917,1216,26,1369.93,1729
2026-06-20,Organic Search,1911,1315,52,3935.92,1498
2026-05-06,Organic Search,1906,1360,36,2545.82,1482
2026-03-29,Organic Search,1905,1367,33,2495.68,1577
2026-04-09,Organic Search,1905,1363,28,2724.15,1514
2026-01-13,Unassigned,1901,9,1,31.99,1887
2026-05-31,Organic Search,1897,1365,57,4003.73,1551
2026-05-12,Organic Search,1888,1391,35,3096.43,1538
2026-04-01,Organic Search,1884,1338,30,2447.93,1512
2026-06-11,Organic Search,1876,1353,47,3558.91,1522
2026-05-17,Organic Search,1873,1350,46,3204.6,1546
2026-06-05,Organic Search,1872,1318,32,1938.88,1472
2026-01-26,Direct,1869,1182,22,1466.95,1697
2026-05-07,Organic Search,1860,1335,46,3128.19,1471
2026-05-04,Organic Search,1857,1324,38,2930.74,1492
2026-04-30,Organic Search,1852,1281,27,1772.01,1492
2026-03-03,Direct,1845,1221,23,1533.0,1670
2026-06-03,Organic Search,1844,1309,45,3559.58,1463
2026-02-15,Direct,1823,1136,19,1530.96,1662
2026-04-23,Organic Search,1823,1345,37,3037.48,1498
2026-01-16,Direct,1820,1185,25,1156.93,1654
2026-02-06,Direct,1817,1160,17,946.99,1684
2026-04-18,Organic Search,1816,1301,27,1657.77,1448
2026-01-08,Unassigned,1811,12,0,0.0,1803
2026-05-05,Organic Search,1807,1299,51,3878.6,1456
2026-06-18,Organic Search,1796,1235,30,2179.76,1423
2026-03-02,Direct,1790,1125,22,1535.95,1664
2026-06-02,Organic Search,1787,1264,42,2873.9,1404
2026-04-16,Organic Search,1783,1315,28,2066.49,1446
2026-06-12,Organic Search,1781,1263,38,2747.89,1399
2026-04-21,Organic Search,1771,1285,25,1876.6,1455
2026-01-11,Unassigned,1756,9,0,0.0,1752
2026-04-02,Organic Search,1751,1214,33,2305.91,1403
2025-07-01,Organic Search,1739,1159,21,2023.29,1407
2025-06-30,Organic Search,1725,1194,30,3013.6,1389
2026-02-09,Direct,1713,988,16,1088.91,1544
2026-04-14,Organic Search,1713,1269,21,1627.7,1390
2026-03-19,Organic Search,1712,1227,34,2787.91,1380
2025-09-29,Organic Search,1700,1155,22,1537.49,1249
2026-01-17,Direct,1700,1102,32,2097.93,1575
2026-04-13,Organic Search,1698,1249,22,1820.49,1389
2025-06-25,Organic Search,1692,1181,17,1483.25,1370
2026-01-10,Unassigned,1686,7,0,0.0,1686
2026-04-17,Organic Search,1685,1225,30,2080.39,1366
2026-03-22,Direct,1680,1127,9,677.98,1556
2025-06-29,Organic Search,1674,1164,26,2400.33,1324
2025-07-28,Organic Search,1672,1125,6,601.19,1311
2026-03-04,Direct,1669,1124,23,1670.94,1536
2026-06-19,Organic Search,1650,1175,38,2621.84,1332
2025-07-02,Organic Search,1648,1138,28,3212.7,1313
2026-01-12,Unassigned,1648,6,0,0.0,1645
2025-07-09,Organic Search,1615,1058,19,1862.59,1292
2025-07-29,Organic Search,1603,1052,15,1387.81,1270
2026-03-30,Direct,1602,1040,16,777.88,1502
2026-03-08,Direct,1595,976,13,1075.99,1459
2025-09-24,Organic Search,1591,1079,20,1572.73,1264
2026-01-06,Unassigned,1588,2,0,0.0,1588
2026-06-16,Organic Search,1577,1104,37,2409.8,1229
2026-05-16,Direct,1576,931,20,974.98,1470
2025-09-22,Organic Search,1572,1056,27,2074.84,1206
2025-06-26,Organic Search,1569,1084,11,1198.3,1245
2025-07-08,Organic Search,1567,1030,16,1786.51,1226
2026-04-10,Organic Search,1567,1135,26,1743.58,1272
2026-05-31,Direct,1566,942,15,933.98,1456
2026-06-06,Organic Search,1564,1120,44,2749.8,1227
2026-02-10,Direct,1562,993,18,1124.96,1403
2026-02-22,Direct,1559,1007,15,846.0,1453
2025-07-07,Organic Search,1556,1058,16,1701.89,1214
2025-07-03,Organic Search,1552,1037,13,1386.62,1242
2025-08-05,Organic Search,1551,1030,19,2645.06,1208
2026-01-09,Unassigned,1549,6,0,0.0,1542
2026-03-05,Direct,1549,1017,18,1036.95,1405
2025-09-10,Organic Search,1548,1026,25,3103.97,1200
2025-09-21,Organic Search,1546,1016,15,1082.05,1190
2025-09-03,Organic Search,1544,1017,21,2458.11,1190
2025-07-16,Organic Search,1541,1035,18,2346.67,1214
2026-04-19,Direct,1541,1011,14,775.13,1468
2025-09-23,Organic Search,1539,1025,15,1250.43,1206
2026-03-07,Direct,1538,967,17,1906.0,1416
2025-07-14,Organic Search,1531,997,10,884.7,1231
2026-04-15,Organic Search,1529,1114,23,1729.69,1250
2026-02-11,Direct,1526,960,17,1141.97,1421
2025-10-06,Organic Search,1523,1004,23,2063.44,1166
2025-09-12,Organic Search,1522,991,17,1331.8,1163
2025-09-17,Organic Search,1522,985,14,961.42,1181
2026-05-03,Direct,1521,904,12,636.68,1416
2025-07-23,Organic Search,1513,1024,11,966.73,1195
2025-08-04,Organic Search,1511,1006,19,1870.68,1207
2025-09-09,Organic Search,1511,1025,21,2111.19,1214
2026-03-21,Direct,1508,1026,12,753.99,1405
2025-10-01,Organic Search,1505,978,17,1448.1,1191
2025-07-06,Organic Search,1503,992,16,2286.35,1196
2025-09-08,Organic Search,1499,997,17,2261.12,1190
2025-09-30,Organic Search,1499,992,30,3746.02,1166
2026-03-06,Direct,1499,939,10,850.99,1359
2026-01-20,Direct,1493,978,21,1551.44,1390
2025-08-06,Organic Search,1491,1006,7,1040.09,1185
2026-05-14,Direct,1488,879,17,981.78,1406
2026-06-01,Direct,1488,914,21,1588.96,1371
2026-02-02,Direct,1487,904,25,1535.95,1322
2025-07-22,Organic Search,1486,1000,15,1151.05,1199
2025-09-11,Organic Search,1482,989,21,2190.95,1140
2025-08-03,Organic Search,1479,975,7,501.01,1140
2025-08-14,Organic Search,1478,941,10,991.63,1154
2025-07-04,Organic Search,1477,963,14,1622.38,1175
2025-07-21,Organic Search,1475,993,15,1084.14,1179
2025-07-30,Organic Search,1475,982,18,2014.13,1168
2025-06-24,Organic Search,1469,1012,6,776.95,1190
2025-09-16,Organic Search,1468,964,24,2466.07,1132
2025-10-07,Organic Search,1466,988,25,2176.71,1160
2025-07-10,Organic Search,1462,995,12,1202.83,1186
2025-09-13,Organic Search,1459,957,19,1508.83,1132
2026-02-04,Direct,1459,915,33,2313.91,1324
2025-07-05,Organic Search,1457,967,13,1598.44,1135
2025-09-04,Organic Search,1457,956,16,1453.24,1142
2026-03-25,Direct,1456,936,20,1359.96,1332
2025-09-07,Organic Search,1455,942,18,1746.54,1134
2025-09-28,Organic Search,1454,933,21,1838.62,1116
2025-08-07,Organic Search,1453,972,20,1896.67,1174
2025-08-27,Organic Search,1451,929,16,1996.55,1133
2025-06-28,Organic Search,1450,954,11,687.99,1155
2025-09-02,Organic Search,1439,978,15,1783.25,1150
2026-05-06,Direct,1438,814,26,1628.56,1340
2025-06-23,Organic Search,1437,1002,5,623.58,1150
2025-07-19,Organic Search,1431,921,13,1693.22,1106
2025-08-11,Organic Search,1431,928,15,1792.03,1104
2025-11-11,Organic Social,1431,1217,7,609.28,1394
2025-07-11,Organic Search,1427,934,8,1298.28,1124
2025-09-18,Organic Search,1427,976,16,1092.93,1118
2025-07-13,Organic Search,1425,917,11,1073.12,1129
2025-08-02,Organic Search,1423,914,12,1097.64,1105
2026-06-19,Direct,1422,927,24,1549.88,1347
2025-07-27,Organic Search,1417,921,13,1355.37,1134
2026-02-03,Direct,1417,874,32,2009.92,1264
2025-07-31,Organic Search,1415,940,8,1074.19,1132
2025-09-19,Organic Search,1414,869,12,1186.88,1066
2025-07-17,Organic Search,1412,904,10,971.91,1141
2026-05-13,Direct,1410,864,18,1317.78,1280
2026-02-21,Direct,1408,889,13,665.97,1303
2025-10-02,Organic Search,1403,923,13,1351.49,1095
2026-05-20,Direct,1403,860,16,934.76,1312
2025-09-15,Organic Search,1397,950,26,2107.56,1116
2025-07-20,Organic Search,1395,903,11,1023.13,1106
2025-08-12,Organic Search,1390,912,8,1022.07,1132
2025-08-28,Organic Search,1389,940,29,2765.63,1104
2025-09-01,Organic Search,1386,912,19,2358.17,1102
2025-08-08,Organic Search,1384,883,10,1818.8,1083
2025-10-05,Organic Search,1381,917,16,1558.02,1085
2026-02-07,Direct,1380,854,16,735.96,1275
2025-09-25,Organic Search,1379,889,16,1160.95,1094
2025-07-26,Organic Search,1378,898,9,863.54,1089
2026-02-28,Direct,1376,898,18,955.97,1280
2025-08-01,Organic Search,1373,922,12,1280.41,1113
2026-02-24,Direct,1367,895,17,622.99,1253
2026-04-06,Direct,1366,922,11,530.7,1267
2025-07-25,Organic Search,1365,912,8,829.83,1091
2025-07-24,Organic Search,1363,867,5,663.99,1115
2025-10-03,Organic Search,1360,899,26,3273.67,1058
2026-04-12,Organic Search,1360,1016,13,782.88,1146
2026-06-20,Direct,1359,855,21,1209.97,1289
2026-04-12,Direct,1356,971,10,502.9,1294
2025-10-04,Organic Search,1353,859,13,1545.69,1042
2026-03-23,Direct,1353,905,20,1550.97,1253
2025-09-27,Organic Search,1349,874,15,1657.06,1047
2026-03-15,Direct,1341,897,10,536.99,1254
2026-03-26,Direct,1339,887,10,457.89,1236
2025-09-14,Organic Search,1338,849,18,1427.11,1043
2026-03-14,Direct,1336,850,10,586.0,1245
2025-07-12,Organic Search,1335,863,12,1345.61,1057
2025-09-05,Organic Search,1333,880,13,1001.02,1057
2026-04-22,Organic Search,1332,997,24,1655.62,1109
2025-08-09,Organic Search,1331,870,8,628.27,1048
2025-09-20,Organic Search,1324,830,7,697.28,1031
2026-03-10,Direct,1324,809,17,769.98,1226
2025-07-15,Organic Search,1323,881,13,1724.56,1055
2025-08-18,Organic Search,1323,901,16,1478.03,1066
2026-02-25,Direct,1323,833,18,1253.94,1212
2026-02-27,Direct,1319,834,18,1151.96,1204
2025-08-26,Organic Search,1317,898,13,1202.44,1031
2025-08-22,Organic Search,1316,856,12,1097.71,1032
2025-08-19,Organic Search,1315,875,19,1905.89,1047
2026-04-18,Direct,1315,862,15,1038.69,1225
2025-08-25,Organic Search,1312,878,14,1165.26,1030
2026-05-17,Direct,1311,779,17,858.87,1233
2025-09-06,Organic Search,1309,862,18,1724.17,1030
2025-10-08,Organic Search,1309,868,18,2123.52,1037
2025-08-13,Organic Search,1307,851,13,1677.76,1045
2025-08-29,Organic Search,1307,845,10,1534.19,1010
2025-08-30,Organic Search,1306,854,10,1089.84,1063
2026-04-13,Direct,1304,884,16,928.6,1240
2026-01-14,Organic Search,1303,990,30,2053.03,1121
2026-05-25,Direct,1303,781,22,1622.66,1213
2026-02-12,Direct,1299,822,16,1014.97,1188
2026-03-09,Direct,1298,829,18,786.97,1191
2025-08-10,Organic Search,1296,840,14,1268.76,1022
2026-03-28,Direct,1296,863,9,629.7,1205
2025-10-09,Organic Search,1294,863,15,1427.56,1009
2025-08-20,Organic Search,1293,846,8,1105.93,1030
2026-05-02,Direct,1292,767,15,1232.89,1204
2025-08-21,Organic Search,1290,839,14,1245.19,986
2026-03-29,Direct,1284,820,13,789.69,1196
2026-03-11,Direct,1280,845,19,970.97,1194
2026-05-24,Direct,1280,770,24,1496.87,1163
2026-04-11,Organic Search,1275,929,22,1960.79,1078
2025-07-18,Organic Search,1274,862,8,764.19,1023
2025-08-15,Organic Search,1274,808,5,616.97,986
2026-03-24,Direct,1274,870,17,804.98,1163
2026-06-07,Direct,1265,727,19,1145.96,1191
2025-08-23,Organic Search,1263,795,8,1284.2,960
2026-02-13,Direct,1262,795,17,840.21,1169
2026-02-16,Direct,1252,748,14,837.98,1123
2026-01-19,Unassigned,1249,23,8,573.96,1210
2026-01-19,Direct,1233,804,14,738.96,1139
2025-11-10,Organic Social,1232,1023,4,458.09,1213
2026-03-12,Direct,1232,816,17,936.94,1133
2026-03-31,Direct,1229,753,7,367.98,1129
2026-02-14,Direct,1228,737,13,916.0,1141
2026-01-15,Direct,1225,785,17,1351.04,1116
2026-05-30,Direct,1221,721,20,1260.84,1144
2026-05-09,Direct,1213,715,9,434.89,1131
2025-08-31,Organic Search,1209,767,14,1402.55,979
2026-05-04,Direct,1209,709,18,1101.86,1132
2026-05-15,Direct,1201,731,12,676.89,1138
2026-01-14,Unassigned,1200,41,10,634.97,1182
2026-03-27,Direct,1198,768,13,925.77,1086
2026-04-20,Direct,1196,795,1,49.0,1122
2026-02-23,Direct,1194,756,16,1190.95,1118
2026-05-10,Direct,1191,673,12,568.8,1130
2026-04-29,Direct,1188,698,16,550.87,1113
2025-08-17,Organic Search,1182,782,15,1467.65,970
2025-08-24,Organic Search,1178,721,11,1472.68,910
2025-09-26,Organic Search,1178,763,18,1412.23,931
2026-05-12,Direct,1178,679,15,710.88,1110
2026-04-26,Direct,1173,735,13,639.88,1103
2026-02-17,Direct,1172,707,14,1011.96,1082
2026-02-18,Direct,1165,720,10,372.98,1070
2026-02-01,Paid Social,1162,640,12,683.97,1031
2026-04-23,Direct,1161,724,15,993.69,1095
2026-03-13,Direct,1159,761,11,810.98,1100
2026-06-05,Direct,1151,690,24,1059.95,1065
2026-05-01,Direct,1149,681,19,1243.77,1096
2026-04-24,Direct,1148,736,16,887.78,1070
2026-05-26,Direct,1146,719,11,667.28,1064
2026-04-28,Direct,1143,689,13,680.9,1031
2026-05-29,Direct,1143,697,20,1247.99,1066
2026-02-26,Direct,1142,713,13,821.94,1032
2026-06-02,Direct,1138,704,6,310.99,1066
2025-08-16,Organic Search,1136,728,14,1533.32,907
2026-05-21,Direct,1133,684,13,771.77,1061
2026-04-05,Direct,1132,734,9,561.59,1032
2025-06-27,Organic Search,1128,738,12,1351.09,904
2026-06-04,Direct,1122,646,13,740.98,1042
2026-05-22,Direct,1119,665,14,852.98,1043
2026-03-20,Direct,1115,746,10,643.97,1060
2026-03-16,Direct,1111,700,7,323.98,1028
2026-04-14,Direct,1106,720,19,969.2,1039
2026-03-19,Direct,1103,751,18,1037.99,1019
2026-06-08,Direct,1103,624,6,388.99,1027
2026-04-30,Direct,1102,640,14,618.88,1025
2026-03-18,Organic Search,1099,752,19,1726.86,876
2026-04-27,Direct,1093,682,15,907.99,1024
2026-06-14,Direct,1093,623,14,888.96,1043
2026-04-25,Direct,1092,679,8,359.99,1033
2026-05-11,Direct,1086,669,14,518.98,1027
2026-05-18,Direct,1084,623,15,970.77,1001
2026-05-27,Direct,1082,611,14,934.78,1007
2026-02-20,Direct,1079,700,12,627.97,998
2026-04-07,Direct,1076,706,14,722.7,992
2026-01-14,Direct,1068,625,11,596.97,964
2026-05-07,Direct,1068,617,11,536.79,992
2026-05-23,Direct,1055,614,13,517.98,989
2026-06-21,Direct,1055,29,6,245.0,985
2026-04-04,Direct,1045,717,7,405.79,975
2026-05-28,Direct,1043,598,15,730.97,940
2025-10-10,Organic Search,1030,665,15,1280.52,825
2026-06-06,Direct,1027,590,12,515.99,969
2026-02-02,Paid Social,1026,545,9,484.99,909
2026-06-02,Unassigned,1021,492,25,1915.93,858
2026-02-04,Paid Social,1019,502,12,704.98,876
2026-03-17,Direct,1017,650,8,305.0,933
2026-05-08,Direct,1015,583,8,420.89,951
2026-04-17,Direct,1009,669,14,892.9,949
2026-05-19,Direct,1007,566,7,360.89,938
2026-04-16,Direct,1002,646,9,447.7,912
2026-02-03,Paid Social,981,480,17,1301.98,848
2026-06-06,Unassigned,980,440,21,1442.76,833
2026-02-19,Direct,979,601,12,771.99,904
2026-04-08,Direct,973,639,10,489.7,885
2026-06-11,Direct,972,562,20,1075.87,890
2026-06-10,Direct,965,557,10,409.99,899
2026-06-17,Direct,961,534,9,1089.99,889
2026-04-01,Direct,957,582,13,703.98,879
2026-06-15,Direct,956,553,15,1238.58,874
2026-06-13,Direct,948,538,13,661.99,896
2026-06-03,Direct,947,567,20,1125.97,885
2025-11-24,Unassigned,946,653,11,614.94,836
2026-04-09,Direct,938,627,12,875.9,878
2026-04-21,Direct,923,604,6,452.8,868
2025-11-28,Paid Search,919,685,32,2525.15,716
2025-11-29,Paid Social,919,409,0,0.0,834
2026-04-03,Direct,909,574,9,332.58,835
2026-03-16,Unassigned,908,406,11,729.99,786
2026-06-12,Direct,903,491,21,1344.96,842
2026-04-15,Direct,894,587,9,596.8,829
2026-04-10,Direct,883,618,12,851.8,838
2026-06-18,Direct,879,508,13,940.86,808
2026-04-11,Direct,873,580,7,339.9,825
2025-11-11,Organic Search,870,588,14,1731.16,702
2025-11-09,Cross-network,867,646,2,303.99,762
2026-02-26,Unassigned,858,418,20,1550.92,749
2026-03-18,Unassigned,853,401,5,309.99,759
2025-06-22,Organic Search,851,626,8,930.92,688
2025-11-27,Paid Search,843,638,35,2648.96,658
2025-11-12,Organic Search,836,569,4,284.28,677
2025-11-04,Cross-network,834,631,8,552.15,746
2026-06-03,Unassigned,826,389,22,1428.94,702
2025-11-10,Paid Social,825,379,2,144.99,735
2025-06-22,Direct,822,611,6,302.09,699
2025-11-29,Paid Search,822,589,32,1711.71,651
2025-11-29,Cross-network,821,572,7,348.06,724
2026-01-29,Unassigned,819,382,19,1300.04,733
2026-06-09,Direct,819,473,9,580.88,766
2025-11-10,Organic Search,806,530,4,341.08,662
2026-03-18,Paid Social,805,464,8,515.97,709
2025-11-17,Organic Search,802,559,8,790.05,673
2026-04-22,Unassigned,800,452,16,1297.99,691
2025-11-09,Organic Search,794,517,12,1055.06,661
2026-04-02,Unassigned,794,304,11,790.94,709
2025-11-26,Paid Social,791,397,2,148.5,735
2026-04-10,Unassigned,787,337,14,872.69,700
2026-03-18,Direct,786,514,8,264.98,717
2025-10-22,Organic Search,783,503,5,366.18,638
2026-02-03,Cross-network,777,571,16,1210.94,657
2025-10-28,Organic Search,776,525,7,548.15,639
2025-11-24,Organic Search,775,527,11,1129.46,609
2025-11-13,Organic Search,773,523,8,581.44,634
2026-06-21,Organic Search,772,75,7,662.0,627
2025-10-24,Organic Search,766,490,6,459.08,625
2025-10-13,Paid Search,763,553,13,1247.06,596
2026-04-02,Direct,761,478,4,227.0,702
2025-11-11,Paid Social,758,368,1,129.0,681
2026-02-02,Unassigned,757,347,18,1112.1,649
2025-10-14,Paid Search,749,551,12,1082.03,569
2025-11-26,Paid Search,749,571,11,686.71,577
2025-10-20,Organic Search,747,491,8,827.01,625
2025-11-19,Organic Search,746,527,8,867.05,648
2025-06-27,Unassigned,744,468,9,684.25,605
2025-11-27,Paid Social,744,360,3,214.5,669
2025-11-15,Paid Social,743,304,1,158.0,677
2025-11-30,Paid Search,735,538,33,2350.56,535
2025-10-12,Paid Search,730,536,13,1215.31,567
2025-11-08,Organic Search,730,464,5,445.27,589
2026-06-16,Unassigned,728,279,16,1001.94,628
2025-11-25,Organic Search,723,503,11,788.44,582
2026-04-09,Unassigned,723,263,9,699.67,647
2026-04-15,Unassigned,721,335,5,324.78,622
2026-01-07,Direct,720,381,2,0.0,593
2026-02-01,Unassigned,717,347,25,1770.96,640
2026-02-04,Cross-network,717,483,13,601.08,625
2025-11-08,Cross-network,714,481,7,474.37,620
2026-02-04,Unassigned,712,315,15,1097.94,616
2025-11-06,Organic Search,711,475,5,283.16,592
2025-11-30,Paid Social,709,277,2,168.6,627
2025-11-23,Cross-network,708,507,2,159.1,628
2025-11-24,Direct,707,507,9,452.95,576
2025-10-21,Organic Search,705,472,6,980.06,586
2025-11-18,Organic Search,705,417,6,475.17,587
2025-09-28,Paid Social,699,432,0,0.0,643
2025-09-21,Paid Social,698,415,0,0.0,650
2025-10-15,Paid Search,697,501,9,598.98,539
2025-11-26,Organic Search,696,449,14,1360.43,562
2025-10-13,Organic Search,694,401,5,272.7,562
2025-11-16,Organic Search,693,453,9,964.86,578
2026-06-16,Direct,693,398,11,615.98,643
2025-11-07,Organic Search,692,462,2,116.98,562
2025-10-05,Paid Social,687,385,0,0.0,645
2025-11-23,Organic Search,684,474,2,130.39,587
2026-04-22,Direct,683,455,8,542.0,623
2025-11-10,Paid Search,682,490,9,909.15,514
2025-11-16,Paid Social,682,323,0,0.0,621
2025-10-11,Organic Search,681,389,5,502.75,569
2025-10-31,Cross-network,681,497,2,162.09,614
2025-11-24,Paid Search,681,510,20,1649.9,533
2025-10-27,Organic Search,680,457,4,676.98,561
2025-11-20,Organic Search,680,459,6,620.16,565
2025-11-05,Organic Search,679,455,9,724.22,543
2025-11-22,Organic Search,677,447,1,89.0,544
2025-11-09,Paid Search,672,488,11,820.83,508
2025-11-28,Paid Social,672,344,4,173.16,605
2025-11-25,Paid Search,671,496,13,846.42,538
2025-10-11,Paid Search,669,496,11,859.67,527
2025-11-12,Paid Search,668,471,4,560.0,498
2026-02-03,Unassigned,666,296,19,1210.95,591
2025-11-15,Organic Search,663,447,1,89.0,544
2025-10-12,Organic Search,662,368,7,525.8,532
2025-11-28,Organic Search,662,453,13,1055.83,524
2026-04-01,Unassigned,660,97,10,989.97,629
2025-11-14,Paid Social,658,273,2,158.29,596
2025-10-21,Paid Search,657,448,6,658.15,478
2026-01-15,Unassigned,657,314,13,1602.06,584
2025-10-25,Organic Search,656,418,3,284.99,530
2025-11-11,Paid Search,656,493,16,1680.53,517
2025-11-09,Paid Social,655,318,0,0.0,604
2025-11-24,Paid Social,654,340,1,39.74,595
2025-11-08,Paid Search,653,459,9,820.15,483
2025-11-30,Cross-network,652,429,11,619.84,544
2025-10-29,Organic Search,649,422,8,550.15,543
2025-10-30,Organic Search,649,452,5,335.96,540
2026-06-21,Cross-network,649,5,1,69.0,632
2025-08-23,Paid Social,647,387,0,0.0,596
2025-09-14,Paid Social,647,383,2,145.08,592
2025-11-09,Direct,646,453,6,1117.29,533
2025-10-23,Organic Search,645,425,3,187.08,539
2025-11-14,Organic Search,643,430,3,253.08,536
2026-03-01,Unassigned,643,154,12,817.97,606
2025-08-29,Paid Social,640,379,0,0.0,594
2025-09-13,Paid Social,640,386,2,99.63,572
2025-10-21,Cross-network,640,472,1,51.99,590
2025-11-27,Organic Search,640,436,10,600.78,527
2025-10-04,Paid Social,639,376,0,0.0,568
2025-10-18,Paid Search,639,448,8,1095.07,492
2025-11-21,Organic Search,638,426,1,54.99,524
2026-04-29,Unassigned,638,156,17,1175.86,587
2025-11-05,Paid Search,635,462,16,1248.18,489
2026-03-29,Unassigned,633,136,13,1089.5,598
2025-11-02,Organic Search,632,410,6,480.17,509
2026-03-19,Unassigned,631,228,10,1458.47,567
2025-10-19,Organic Search,630,390,6,544.46,521
2025-11-10,Cross-network,629,451,6,556.47,561
2025-11-25,Paid Social,629,331,1,66.75,579
2026-05-27,Unassigned,629,103,10,679.94,580
2026-02-01,Cross-network,627,467,8,485.98,560
2025-09-15,Paid Social,626,348,1,109.1,577
2025-08-24,Paid Social,625,345,1,457.0,570
2025-11-03,Cross-network,625,461,3,191.08,551
2025-10-19,Paid Search,624,457,13,891.36,469
2025-11-03,Organic Search,622,396,9,728.33,522
2025-10-31,Organic Search,618,405,6,816.17,511
2025-09-22,Paid Social,616,376,0,0.0,559
2025-08-31,Paid Social,615,351,1,51.99,575
2025-11-04,Paid Search,615,454,14,1512.53,485
2025-08-26,Paid Social,614,338,0,0.0,555
2025-08-30,Paid Social,613,341,0,0.0,557
2025-11-22,Cross-network,611,433,4,562.29,533
2025-08-03,Paid Social,610,326,0,0.0,555
2026-05-20,Unassigned,610,168,16,1425.07,565
2025-09-07,Paid Social,608,357,1,81.5,561
2025-10-20,Paid Search,608,449,4,312.97,468
2025-10-22,Paid Search,608,444,10,797.03,464
2025-09-20,Paid Social,607,343,0,0.0,548
2025-11-13,Paid Social,606,288,0,0.0,552
2025-11-24,Cross-network,604,451,7,459.7,547
2025-10-14,Organic Search,603,366,5,502.97,506
2025-10-16,Paid Search,603,430,14,2047.32,467
2025-10-17,Paid Search,603,441,6,440.65,458
2025-09-08,Paid Social,602,324,0,0.0,545
2025-09-10,Paid Social,602,338,0,0.0,541
2025-11-18,Paid Social,602,278,1,47.09,546
2026-01-08,Direct,599,295,3,178.0,483
2025-08-25,Paid Social,598,357,0,0.0,574
2025-10-12,Paid Social,597,350,0,0.0,547
2025-08-27,Paid Social,596,353,1,154.0,555
2025-11-01,Organic Search,593,356,4,372.98,480
2025-11-16,Paid Search,593,438,5,446.18,465
2025-09-16,Paid Social,592,346,1,80.1,544
2025-10-26,Organic Search,592,384,5,456.28,501
2025-09-24,Paid Social,590,371,0,0.0,541
2025-11-11,Cross-network,588,409,5,302.96,511
2026-01-13,Direct,588,284,4,287.0,518
2026-02-02,Cross-network,588,407,8,871.98,511
2025-07-27,Paid Social,587,329,0,0.0,539
2026-03-28,Unassigned,587,144,10,658.79,540
2026-04-23,Unassigned,587,194,13,819.97,534
2025-11-06,Paid Search,585,405,5,312.16,449
2025-10-09,Paid Social,582,341,3,349.73,525
2025-09-29,Paid Social,580,354,1,94.99,544
2025-10-29,Paid Search,580,435,11,1639.05,437
2025-11-17,Paid Social,577,275,1,80.1,527
2025-07-06,Paid Social,576,314,1,89.0,530
2025-11-03,Paid Search,575,440,10,887.15,463
2025-11-16,Cross-network,575,393,4,271.08,493
2026-05-04,Unassigned,575,171,14,1190.76,497
2025-10-26,Paid Search,574,417,4,605.99,434
2026-03-03,Unassigned,574,162,9,559.98,536
2025-07-28,Paid Social,573,316,0,0.0,528
2025-11-04,Organic Search,572,374,2,234.1,483
2025-11-28,Cross-network,571,401,5,479.98,504
2025-11-15,Paid Search,570,436,6,578.39,452
2026-03-30,Unassigned,570,128,3,172.99,535
2026-04-25,Unassigned,570,196,12,985.89,500
2025-09-25,Paid Social,569,331,0,0.0,503
2025-10-15,Organic Search,569,356,5,327.71,491
2026-03-17,Unassigned,569,209,12,867.96,533
2025-10-18,Organic Search,567,357,3,235.07,475
2026-06-01,Unassigned,566,124,14,970.97,511
2025-08-01,Paid Social,565,321,1,129.0,523
2025-11-29,Organic Search,563,352,9,683.04,454
2025-06-23,Direct,562,345,4,431.64,451
2025-09-01,Paid Social,562,315,0,0.0,515
2025-11-13,Paid Search,562,387,5,251.25,429
2025-09-27,Paid Social,559,357,0,0.0,519
2025-08-04,Paid Social,556,309,0,0.0,525
2025-08-28,Paid Social,556,310,0,0.0,497
2025-10-16,Organic Search,556,338,3,378.99,465
2026-03-15,Email,556,379,10,923.99,404
2025-11-08,Paid Social,555,248,1,79.0,491
2025-11-20,Paid Search,555,394,6,746.27,420
2026-02-02,Paid Search,555,393,23,1547.93,419
2025-08-13,Paid Social,554,299,0,0.0,508
2026-04-26,Unassigned,554,222,3,167.0,492
2025-09-18,Paid Social,552,340,1,89.0,502
2025-07-20,Paid Social,550,316,0,0.0,483
2025-09-12,Paid Social,550,324,0,0.0,495
2025-11-28,Direct,548,373,8,471.67,459
2025-08-16,Paid Social,547,328,0,0.0,508
2026-03-22,Unassigned,547,112,7,586.99,519
2025-10-03,Paid Social,545,318,1,54.99,506
2025-11-17,Paid Search,545,397,6,816.17,431
2026-05-02,Unassigned,545,181,16,1025.67,480
2025-10-27,Paid Search,544,410,6,728.36,419
2025-06-22,Paid Social,543,283,0,0.0,504
2025-06-23,Paid Social,543,284,1,49.09,515
2025-11-05,Cross-network,543,389,3,425.08,479
2025-11-18,Paid Search,543,389,4,206.06,416
2025-08-02,Paid Social,542,313,0,0.0,487
2025-11-12,Paid Social,542,241,0,0.0,501
2026-03-15,Unassigned,541,99,8,766.0,515
2025-09-23,Paid Social,540,324,1,134.99,484
2025-10-23,Paid Search,540,412,5,383.18,403
2025-11-15,Cross-network,540,370,3,152.07,474
2025-11-06,Cross-network,539,384,6,384.96,452
2025-11-19,Paid Social,539,245,1,64.0,495
2025-09-17,Paid Social,538,337,0,0.0,486
2025-10-06,Paid Social,538,305,1,50.09,505
2025-08-10,Paid Social,536,328,0,0.0,487
2026-01-20,Unassigned,536,62,12,767.94,519
2025-08-05,Paid Social,535,311,0,0.0,487
2025-09-04,Paid Social,535,315,1,64.0,499
2026-05-26,Unassigned,534,171,14,850.78,465
2025-07-31,Paid Social,533,304,4,440.99,486
2025-11-21,Paid Search,533,391,6,803.17,415
2025-10-17,Organic Search,532,341,0,0.0,458
2025-07-14,Paid Social,531,297,1,53.99,478
2025-07-30,Paid Social,531,309,1,238.0,478
2025-11-17,Cross-network,531,363,1,47.09,452
2025-11-02,Cross-network,530,377,2,132.09,460
2025-11-23,Paid Search,530,380,8,562.35,403
2025-07-05,Paid Social,529,282,0,0.0,488
2025-08-20,Paid Social,529,301,0,0.0,495
2025-11-02,Paid Search,529,369,12,1131.22,406
2026-03-07,Unassigned,529,151,14,1164.49,479
2025-09-30,Paid Social,528,297,0,0.0,485
2026-04-30,Unassigned,527,135,5,370.98,472
2025-08-12,Paid Social,526,294,0,0.0,477
2025-08-22,Paid Social,525,291,0,0.0,484
2025-11-07,Cross-network,524,344,2,161.09,443
2025-07-29,Paid Social,523,288,0,0.0,471
2025-08-09,Paid Social,522,290,0,0.0,472
2026-05-03,Unassigned,522,164,9,627.97,465
2025-10-11,Paid Social,521,303,0,0.0,484
2025-11-27,Cross-network,520,374,6,318.56,446
2026-04-27,Unassigned,520,165,11,886.75,443
2025-10-30,Paid Search,518,373,11,686.3,404
2025-11-14,Paid Search,518,376,5,386.06,394
2026-03-03,Email,517,233,3,238.99,329
2025-11-25,Cross-network,516,367,1,72.74,470
2026-03-18,Paid Search,515,386,7,829.99,412
2025-08-08,Paid Social,513,278,0,0.0,466
2025-09-06,Paid Social,513,278,4,301.96,474
2025-08-21,Paid Social,511,284,0,0.0,462
2025-10-24,Paid Search,510,369,7,640.37,375
2025-08-17,Paid Social,508,275,0,0.0,463
2025-11-11,Direct,508,330,6,820.28,431
2026-03-02,Unassigned,508,123,13,981.94,480
2025-10-15,Paid Social,507,307,0,0.0,475
2025-10-28,Paid Search,505,368,6,910.28,384
2025-07-24,Paid Social,504,284,1,75.65,455
2025-07-21,Paid Social,500,286,0,0.0,448
2025-11-19,Cross-network,500,352,1,297.0,437
2026-05-31,Unassigned,500,97,15,1237.99,469
2026-03-18,Cross-network,499,353,3,187.0,442
2025-06-29,Paid Social,497,275,0,0.0,447
2025-09-02,Paid Social,497,267,0,0.0,459
2025-10-02,Paid Social,497,284,2,136.09,467
2025-11-12,Cross-network,497,349,6,481.25,433
2026-02-04,Email,497,209,0,0.0,338
2026-02-04,Paid Search,497,341,12,855.98,372
2025-08-11,Paid Social,496,257,1,79.0,459
2025-10-14,Paid Social,496,278,0,0.0,453
2026-02-07,Paid Social,495,224,8,515.99,404
2026-03-21,Unassigned,495,122,7,542.98,452
2025-07-26,Paid Social,494,252,0,0.0,447
2025-08-18,Paid Social,494,278,0,0.0,455
2025-11-20,Paid Social,494,200,0,0.0,453
2025-11-22,Paid Search,494,355,4,345.18,377
2025-07-07,Paid Social,493,271,0,0.0,447
2025-08-06,Paid Social,493,277,1,89.0,457
2025-10-13,Paid Social,493,259,0,0.0,471
2026-05-01,Unassigned,493,160,13,982.68,453
2025-09-09,Paid Social,491,283,0,0.0,450
2025-10-08,Paid Social,491,275,1,51.99,452
2025-11-14,Cross-network,491,319,3,407.19,411
2025-10-25,Paid Search,490,357,4,399.97,367
2025-08-19,Paid Social,489,278,1,244.09,448
2025-10-01,Paid Social,489,291,0,0.0,448
2026-02-25,Unassigned,489,187,16,1220.95,447
2026-06-07,Unassigned,489,101,7,403.0,452
2026-03-23,Unassigned,488,134,5,484.99,451
2025-09-11,Paid Social,487,278,0,0.0,452
2026-02-03,Paid Search,485,353,19,1585.93,394
2025-07-19,Paid Social,484,283,1,80.1,441
2025-10-07,Paid Social,484,278,0,0.0,454
2026-04-07,Unassigned,484,111,5,265.79,462
2025-11-01,Cross-network,483,348,3,261.08,429
2026-01-07,Paid Search,483,235,1,49.0,354
2026-02-05,Paid Social,483,199,5,254.98,385
2025-06-28,Paid Social,482,268,0,0.0,456
2025-09-19,Paid Social,481,283,0,0.0,442
2025-10-16,Paid Social,481,298,0,0.0,445
2025-10-20,Cross-network,481,317,2,107.98,417
2025-11-05,Paid Social,481,243,0,0.0,443
2025-06-25,Paid Social,480,263,1,69.0,444
2025-11-07,Paid Search,480,344,5,418.16,376
2025-11-20,Cross-network,480,325,3,185.98,405
2025-11-26,Cross-network,480,343,5,672.72,414
2026-05-25,Unassigned,480,103,13,899.89,436
2026-05-21,Unassigned,479,110,10,678.79,427
2026-05-29,Unassigned,479,106,13,999.97,429
2025-08-14,Paid Social,476,276,0,0.0,436
2025-08-15,Paid Social,475,260,1,80.1,439
2025-09-03,Paid Social,475,269,0,0.0,442
2025-06-30,Direct,474,298,4,307.0,396
2025-07-25,Paid Social,474,261,1,79.0,436
2026-06-09,Unassigned,473,76,9,762.95,428
2025-07-13,Paid Social,472,270,1,312.0,431
2025-11-21,Cross-network,472,333,2,139.09,421
2026-03-19,Paid Social,470,238,4,216.0,401
2025-06-24,Paid Social,469,246,0,0.0,430
2025-11-21,Paid Social,469,210,2,123.19,421
2026-04-06,Unassigned,469,116,2,119.9,441
2025-11-06,Paid Social,468,238,1,109.1,422
2026-04-24,Unassigned,468,170,7,469.98,408
2025-07-12,Paid Social,467,251,1,64.0,430
2026-05-22,Unassigned,467,105,5,339.99,411
2026-05-24,Unassigned,467,90,11,1065.87,427
2025-06-30,Paid Social,466,260,0,0.0,443
2025-11-19,Paid Search,466,347,6,464.28,373
2026-02-10,Email,466,189,1,69.0,307
2026-05-23,Unassigned,465,120,14,1038.75,395
2026-06-14,Unassigned,464,27,15,1017.86,444
2025-11-01,Paid Search,463,348,9,1163.27,364
2025-11-13,Cross-network,462,305,1,114.0,384
2025-11-18,Cross-network,462,329,5,580.39,386
2026-01-20,Email,462,220,3,156.48,314
2026-01-21,Email,462,208,1,49.0,298
2026-03-12,Unassigned,461,99,7,673.98,442
2025-07-02,Paid Social,460,247,0,0.0,435
2025-10-19,Paid Social,460,234,0,0.0,416
2025-07-03,Paid Social,459,240,0,0.0,429
2025-10-11,Cross-network,457,316,2,99.08,407
2026-02-24,Unassigned,457,188,8,574.96,424
2026-03-14,Unassigned,457,93,5,354.98,439
2025-08-07,Paid Social,456,253,0,0.0,416
2026-05-30,Unassigned,456,90,14,932.98,416
2025-07-08,Paid Social,455,260,1,46.64,419
2025-07-23,Paid Social,455,268,1,89.0,413
2025-10-10,Paid Social,455,269,0,0.0,417
2026-03-24,Unassigned,454,136,7,798.98,415
2025-11-23,Paid Social,453,186,1,50.09,404
2026-03-26,Unassigned,451,83,5,517.99,425
2025-07-01,Paid Social,450,220,1,69.0,424
2026-02-03,Email,449,181,0,0.0,310
2026-03-25,Unassigned,449,88,8,495.97,424
2026-02-27,Unassigned,448,150,5,489.99,414
2025-07-10,Paid Social,446,246,0,0.0,421
2025-09-05,Paid Social,446,254,1,80.1,408
2026-03-04,Unassigned,446,117,12,1064.97,412
2025-11-25,Direct,445,256,4,173.24,358
2026-02-06,Paid Social,445,174,5,305.0,355
2026-03-17,Paid Social,445,240,4,259.99,404
2025-10-12,Cross-network,444,309,2,94.73,396
2026-06-01,Paid Social,444,183,7,494.98,379
2025-06-25,Direct,443,289,7,909.65,359
2025-07-16,Paid Social,443,251,0,0.0,400
2026-02-11,Email,443,178,3,0.0,301
2026-03-27,Unassigned,443,100,7,378.6,425
2026-03-31,Unassigned,443,94,7,926.97,428
2025-07-15,Paid Social,441,248,0,0.0,388
2026-04-28,Unassigned,441,135,6,306.98,408
2026-05-13,Unassigned,441,110,6,441.9,383
2025-10-17,Paid Social,440,220,0,0.0,406
2026-01-12,Paid Search,440,228,2,178.0,329
2026-05-28,Unassigned,439,113,11,881.87,395
2026-05-31,Paid Social,439,194,12,807.99,374
2026-03-08,Unassigned,438,80,7,425.97,414
2025-10-23,Cross-network,434,300,1,47.09,389
2025-11-30,Organic Search,434,262,16,1200.0,355
2025-11-02,Paid Social,433,215,0,0.0,385
2025-06-26,Paid Social,432,241,0,0.0,405
2025-07-22,Paid Social,432,231,0,0.0,401
2025-11-12,Direct,432,262,1,89.0,348
2025-10-15,Cross-network,431,309,2,103.98,371
2025-11-07,Paid Social,431,214,0,0.0,380
2026-02-23,Unassigned,431,138,4,287.98,390
2026-03-02,Email,431,182,5,378.98,281
2026-03-20,Unassigned,431,106,4,419.99,391
2026-04-08,Unassigned,431,120,7,419.6,400
2025-07-04,Paid Social,429,246,0,0.0,386
2026-02-01,Paid Search,429,331,17,1489.97,333
2026-04-11,Unassigned,426,134,6,405.9,394
2025-07-09,Paid Social,424,232,0,0.0,395
2026-02-05,Email,423,173,0,0.0,285
2026-02-05,Unassigned,423,93,11,1026.96,376
2026-05-06,Unassigned,423,124,7,322.98,381
2025-09-26,Paid Social,422,233,0,0.0,397
2026-02-08,Paid Social,422,193,13,758.96,352
2026-03-13,Unassigned,422,108,10,842.94,390
2026-06-08,Unassigned,422,97,15,997.97,379
2026-05-10,Unassigned,419,130,6,431.98,368
2025-10-14,Cross-network,418,304,3,292.08,375
2025-10-18,Paid Social,418,188,0,0.0,361
2025-11-04,Paid Social,418,206,1,79.0,382
2026-04-05,Unassigned,418,92,6,394.8,393
2026-01-09,Direct,417,180,3,0.0,342
2026-05-05,Unassigned,416,158,11,716.89,345
2026-03-09,Unassigned,415,99,6,540.98,381
2025-11-01,Paid Social,414,204,0,0.0,361
2025-10-19,Cross-network,413,303,2,129.63,374
2026-05-05,Direct,413,244,8,770.0,375
2026-05-14,Unassigned,413,114,13,772.75,375
2025-07-17,Paid Social,411,234,0,0.0,375
2025-10-22,Cross-network,410,300,3,149.17,377
2026-03-11,Unassigned,408,90,11,710.96,378
2026-03-06,Unassigned,405,95,9,819.98,376
2025-07-11,Paid Social,404,221,0,0.0,376
2026-04-12,Paid Social,402,234,2,239.9,350
2026-03-04,Email,401,159,6,357.94,258
2026-03-10,Unassigned,400,83,5,297.98,375
2025-06-24,Direct,399,247,6,805.0,315
2026-01-28,Unassigned,399,101,15,1262.92,364
2025-11-26,Direct,398,243,7,396.47,333
2025-07-15,Unassigned,397,229,0,0.0,337
2025-10-31,Paid Social,397,196,1,80.1,356
2026-01-09,Paid Search,397,200,2,101.99,303
2026-01-27,Unassigned,396,95,12,854.96,347
2026-01-13,Paid Search,395,205,3,308.07,302
2026-04-19,Unassigned,395,71,5,485.7,381
2026-01-21,Unassigned,394,67,8,531.07,381
2026-02-09,Paid Social,394,155,3,187.0,320
2026-01-19,Email,393,141,0,0.0,270
2026-04-04,Unassigned,393,88,6,339.89,377
2025-07-02,Direct,392,255,3,232.64,315
2025-07-18,Paid Social,391,223,0,0.0,370
2026-01-08,Paid Search,391,201,0,0.0,318
2026-01-30,Unassigned,390,104,4,205.98,349
2025-06-28,Direct,389,250,6,518.09,310
2025-10-31,Paid Search,388,278,1,267.0,302
2026-05-09,Unassigned,388,113,8,594.78,354
2026-01-11,Paid Search,387,184,1,49.0,307
2026-02-09,Email,387,160,1,38.49,271
2026-01-10,Direct,386,158,0,0.0,332
2025-07-01,Direct,385,247,8,672.1,320
2026-02-09,Unassigned,385,90,11,814.46,346
2025-10-27,Paid Social,383,172,1,80.1,345
2025-11-22,Paid Social,383,162,0,0.0,348
2026-01-10,Paid Search,383,190,2,98.0,304
2025-11-10,Direct,382,239,8,139.09,326
2026-02-06,Email,381,156,1,22.99,254
2025-11-27,Direct,379,247,6,253.47,319
2026-02-17,Email,378,172,1,38.49,235
2026-06-20,Unassigned,378,54,11,694.98,362
2026-05-11,Unassigned,377,90,7,727.98,332
2026-05-18,Unassigned,377,118,10,559.78,342
2025-11-12,Organic Social,376,317,2,285.09,358
2026-05-16,Paid Social,376,169,1,89.0,312
2026-03-10,Email,375,176,0,0.0,265
2026-03-05,Unassigned,374,83,4,370.0,347
2025-06-27,Paid Social,373,185,0,0.0,351
2026-01-13,Cross-network,373,230,0,0.0,320
2026-06-05,Unassigned,373,75,8,489.89,332
2026-01-31,Unassigned,372,87,10,535.99,349
2026-02-28,Unassigned,371,105,5,407.98,342
2025-11-03,Paid Social,370,182,1,79.0,342
2026-01-31,Paid Social,370,156,13,818.98,309
2026-02-22,Unassigned,368,72,3,261.99,348
2025-07-08,Direct,366,248,5,174.64,295
2026-02-07,Unassigned,366,119,7,1032.99,338
2026-04-13,Unassigned,365,64,3,169.9,344
2026-05-19,Unassigned,365,89,6,419.99,331
2026-04-12,Unassigned,364,72,6,411.99,342
2026-04-14,Unassigned,364,82,5,441.9,336
2025-09-26,Unassigned,363,212,3,226.98,292
2025-10-17,Cross-network,363,251,4,247.61,313
2026-06-07,Paid Social,363,135,11,699.98,306
2026-03-01,Paid Social,361,164,8,561.5,303
2026-04-20,Unassigned,360,62,6,374.89,339
2026-01-30,Paid Social,359,140,1,49.0,312
2026-02-06,Unassigned,358,78,10,872.08,330
2026-03-17,Email,357,184,4,259.99,253
2026-04-21,Unassigned,357,87,5,394.98,339
2025-06-26,Direct,356,239,4,382.09,291
2025-06-29,Direct,356,211,8,1074.29,288
2025-10-16,Cross-network,356,248,2,173.99,322
2026-06-13,Unassigned,356,29,8,539.98,331
2026-01-12,Direct,355,173,1,0.0,304
2025-11-29,Direct,354,223,4,176.88,287
2026-01-27,Email,353,154,1,44.5,229
2026-05-12,Unassigned,353,99,4,185.98,311
2026-05-24,Paid Social,353,136,2,98.0,301
2026-06-17,Unassigned,352,28,10,653.28,335
2025-10-18,Cross-network,351,244,1,54.99,308
2026-06-18,Unassigned,350,44,11,967.98,335
2025-10-30,Cross-network,349,246,3,181.08,284
2025-07-10,Direct,348,240,3,332.0,310
2025-10-22,Paid Social,347,163,0,0.0,295
2026-02-15,Unassigned,347,67,9,1057.46,328
2026-03-21,Paid Social,347,165,2,178.0,298
2026-06-22,Unassigned,347,0,2,138.0,328
2025-10-24,Paid Social,346,138,0,0.0,309
2026-06-14,Paid Social,346,132,5,399.99,302
2026-02-10,Paid Social,345,131,2,98.0,298
2026-06-04,Unassigned,345,71,7,464.89,315
2026-06-19,Unassigned,345,27,9,646.97,336
2026-05-10,Paid Social,344,151,3,374.0,290
2026-05-12,Paid Social,344,147,3,335.0,283
2026-06-04,Paid Social,343,136,2,178.0,295
2026-05-07,Unassigned,342,106,9,707.97,306
2026-01-11,Direct,341,172,2,0.0,297
2026-01-22,Unassigned,341,90,7,653.99,323
2025-10-13,Cross-network,340,238,0,0.0,305
2026-02-08,Unassigned,340,69,4,198.99,320
2026-03-08,Email,340,226,5,305.0,270
2025-10-21,Paid Social,339,153,0,0.0,302
2026-05-08,Unassigned,339,79,6,624.89,312
2026-06-10,Unassigned,339,48,18,1167.83,315
2025-10-20,Paid Social,336,152,0,0.0,301
2025-10-26,Paid Social,335,154,0,0.0,307
2026-05-17,Unassigned,333,114,12,672.96,306
2026-02-15,Paid Social,332,147,7,383.0,298
2026-05-30,Paid Social,332,133,3,152.99,288
2025-07-20,Cross-network,331,220,0,0.0,293
2026-03-19,Paid Search,331,224,3,292.99,257
2026-05-17,Paid Social,331,130,5,267.9,284
2026-03-22,Paid Social,330,144,3,267.0,290
2026-05-06,Paid Social,330,146,2,120.9,294
2026-05-15,Paid Social,330,133,4,335.0,272
2026-05-16,Unassigned,330,73,6,294.0,305
2025-10-29,Cross-network,329,244,6,341.15,291
2026-02-18,Email,329,131,0,0.0,234
2026-04-18,Unassigned,328,76,5,251.7,314
2026-05-15,Unassigned,328,95,7,436.97,306
2025-06-27,Email,327,231,2,255.65,237
2025-10-23,Paid Social,327,140,0,0.0,302
2026-01-10,Cross-network,327,190,2,142.99,277
2026-01-25,Unassigned,327,78,7,867.67,298
2026-03-03,Paid Social,327,160,5,395.99,279
2026-05-14,Paid Social,327,151,5,282.78,274
2026-06-11,Unassigned,327,42,10,823.96,311
2026-01-16,Unassigned,326,64,7,494.97,301
2026-03-09,Email,326,165,0,0.0,226
2026-06-13,Paid Social,326,118,1,89.0,267
2026-02-02,Email,325,123,0,0.0,230
2026-02-11,Unassigned,325,54,5,525.98,300
2026-02-17,Unassigned,325,57,7,551.97,299
2026-03-28,Paid Social,324,184,2,182.0,277
2026-06-06,Paid Social,324,122,9,581.98,272
2026-06-15,Unassigned,324,32,9,1090.89,310
2025-10-30,Paid Social,323,147,1,47.09,293
2026-01-12,Cross-network,323,176,0,0.0,259
2026-02-11,Paid Social,323,131,4,283.08,282
2025-07-22,Direct,322,218,2,0.0,266
2025-09-29,Direct,322,226,5,250.63,284
2026-01-28,Email,322,130,1,49.0,225
2026-02-14,Paid Social,322,157,7,548.0,269
2025-07-07,Direct,320,217,3,100.63,272
2026-05-03,Paid Social,320,148,4,216.0,262
2026-05-13,Paid Social,320,153,4,201.99,258
2025-10-08,Cross-network,319,233,2,180.64,283
2026-06-08,Paid Social,319,118,8,578.9,261
2025-06-27,Direct,318,201,3,227.63,254
2026-01-24,Unassigned,318,70,5,552.98,296
2026-04-13,Paid Social,318,154,1,54.9,258
2026-01-14,Paid Search,317,182,7,426.99,239
2026-02-12,Email,317,137,1,0.0,197
2026-03-05,Paid Social,317,147,7,389.99,250
2026-04-11,Paid Social,317,185,1,49.0,288
2026-05-11,Paid Social,317,131,3,147.0,260
2026-06-05,Paid Social,316,144,7,492.0,273
2025-11-07,Unassigned,314,185,2,249.09,274
2025-07-21,Cross-network,312,223,0,0.0,278
2025-08-01,Direct,312,203,6,535.69,270
2026-02-10,Unassigned,312,73,6,454.99,284
2026-03-02,Paid Social,312,131,6,428.99,266
2026-03-04,Paid Social,312,115,3,287.99,270
2025-07-29,Direct,311,204,3,160.2,261
2026-01-22,Email,311,120,0,0.0,218
2026-02-16,Unassigned,311,66,5,297.98,283
2026-02-24,Email,311,147,3,190.98,193
2026-06-02,Paid Social,311,134,5,347.99,265
2026-01-11,Cross-network,310,170,0,0.0,269
2026-03-29,Paid Social,310,169,0,0.0,283
2025-07-03,Direct,309,191,3,129.0,245
2025-10-31,Unassigned,309,9,0,0.0,306
2026-01-25,Paid Social,309,132,7,480.97,266
2026-01-27,Paid Social,308,132,4,341.0,243
2026-03-05,Email,308,149,1,41.99,197
2025-08-05,Direct,306,203,7,485.73,257
2026-06-20,Paid Social,306,117,7,543.98,255
2025-07-04,Direct,305,188,3,263.65,259
2025-10-29,Paid Social,305,154,1,89.0,259
2026-03-16,Email,305,148,1,222.48,231
2026-04-16,Unassigned,305,49,5,400.9,286
2026-05-20,Paid Social,304,153,0,0.0,262
2025-07-12,Direct,302,198,4,642.5,240
2025-10-09,Cross-network,302,224,7,489.35,265
2026-06-15,Paid Social,301,113,4,344.98,256
2026-04-19,Paid Social,300,149,3,266.0,258
2025-09-24,Direct,299,206,3,164.06,251
2025-10-10,Cross-network,299,222,3,188.08,267
2025-10-27,Direct,299,194,3,79.0,239
2026-04-03,Unassigned,299,56,5,326.99,280
2026-05-18,Paid Social,299,136,2,167.0,240
2026-01-23,Unassigned,298,54,8,408.98,270
2026-02-23,Email,298,130,1,49.0,198
2025-11-17,Organic Social,297,212,2,278.0,289
2026-02-27,Paid Social,297,137,5,489.0,241
2026-03-07,Paid Social,297,122,1,49.0,260
2025-08-06,Direct,296,202,6,417.19,259
2026-02-16,Paid Social,296,120,0,0.0,248
2026-03-08,Paid Social,296,120,3,232.99,263
2026-05-07,Paid Social,296,124,5,379.99,245
2025-07-28,Direct,295,206,3,257.0,261
2026-01-26,Unassigned,295,49,8,628.96,279
2026-02-16,Email,295,118,0,0.0,199
2026-02-21,Unassigned,295,46,5,437.98,277
2026-05-29,Paid Social,295,127,5,267.99,252
2026-01-26,Email,294,126,1,94.99,199
2026-02-12,Paid Social,294,105,3,187.0,248
2026-02-18,Unassigned,294,53,3,197.99,271
2026-05-20,Email,293,177,4,223.98,243
2026-05-26,Paid Social,293,124,6,279.89,247
2025-07-09,Direct,292,192,5,489.99,261
2025-10-24,Cross-network,292,202,1,129.0,252
2026-01-30,Email,292,116,1,52.99,191
2025-07-05,Direct,291,190,1,129.0,250
2026-04-17,Unassigned,291,85,3,192.9,273
2026-03-01,Email,290,101,3,169.99,238
2026-04-26,Paid Social,290,110,5,481.89,248
2025-07-30,Direct,289,182,7,831.27,239
2025-11-13,Direct,289,154,3,157.07,234
2025-11-28,Unassigned,289,166,2,600.19,278
2026-02-19,Unassigned,289,48,4,314.49,270
2025-09-08,Direct,288,202,4,240.33,246
2026-01-09,Cross-network,288,144,0,0.0,234
2026-01-17,Unassigned,288,42,9,734.96,270
2025-08-07,Direct,287,189,3,164.65,248
2025-09-01,Cross-network,287,221,3,245.08,257
2026-01-05,Unassigned,287,0,0,0.0,287
2026-01-23,Email,287,130,1,74.5,192
2026-03-06,Paid Social,287,118,3,297.99,234
2026-03-11,Email,287,141,0,0.0,204
2026-05-23,Paid Social,286,114,4,196.0,247
2025-08-03,Cross-network,285,205,2,219.65,257
2025-08-11,Direct,285,202,4,49.09,242
2026-01-06,Direct,285,154,2,0.0,246
2025-09-15,Direct,284,193,9,516.56,248
2025-10-01,Direct,284,190,3,111.64,235
2026-02-21,Paid Social,284,125,2,187.0,244
2026-03-06,Email,284,110,1,114.0,180
2026-05-09,Paid Social,284,116,5,376.9,258
2025-08-03,Direct,283,203,4,184.73,251
2026-05-01,Paid Social,283,119,7,468.99,249
2026-05-04,Paid Social,283,120,4,196.0,233
2025-09-01,Direct,282,200,6,340.81,237
2025-07-16,Direct,280,189,1,61.64,245
2025-07-19,Cross-network,280,204,0,0.0,262
2026-05-25,Paid Social,280,117,5,307.9,241
2025-07-06,Direct,279,186,6,312.85,234
2025-08-02,Direct,279,194,3,126.74,247
2025-09-06,Direct,279,206,6,606.1,242
2026-01-18,Unassigned,279,48,10,689.98,264
2026-02-28,Paid Social,279,116,3,192.99,236
2026-03-26,Paid Social,279,128,3,153.9,225
2026-06-10,Paid Social,279,97,7,393.0,238
2025-07-11,Direct,278,184,3,107.98,228
2026-02-25,Email,278,128,0,0.0,188
2026-03-23,Paid Social,278,148,3,136.98,236
2025-07-14,Direct,277,192,3,204.84,239
2025-07-15,Direct,277,191,7,534.99,240
2025-07-18,Cross-network,277,192,0,0.0,251
2025-07-31,Direct,277,191,1,129.0,238
2025-09-22,Direct,277,182,6,429.92,237
2025-07-23,Cross-network,276,200,1,188.0,250
2026-03-14,Paid Social,276,135,6,397.99,239
2026-03-24,Paid Social,276,135,1,49.0,226
2026-06-11,Paid Social,276,106,3,187.0,238
2025-10-06,Direct,275,193,10,531.26,234
2026-02-13,Paid Social,275,124,2,138.0,235
2026-02-18,Paid Social,275,126,1,49.0,219
2026-04-29,Paid Social,275,126,5,254.89,239
2026-05-27,Paid Social,275,103,2,98.0,236
2025-07-24,Cross-network,274,198,0,0.0,244
2025-09-10,Direct,274,160,4,563.75,229
2026-04-28,Paid Social,274,125,5,395.79,233
2026-01-08,Cross-network,273,157,0,0.0,236
2026-02-13,Email,273,116,2,376.0,199
2026-06-12,Paid Social,273,106,2,197.0,232
2025-08-16,Direct,272,195,2,239.0,225
2026-02-20,Unassigned,272,47,4,275.99,250
2026-02-24,Paid Social,272,141,4,261.99,241
2026-02-25,Paid Social,272,105,3,129.99,230
2026-04-24,Paid Social,272,108,3,195.89,237
2026-04-25,Paid Social,272,101,2,158.0,231
2025-08-04,Direct,271,185,3,472.0,241
2025-08-12,Cross-network,271,198,2,100.63,237
2025-09-30,Direct,271,175,5,205.73,231
2025-11-07,Organic Social,271,221,1,47.09,259
2026-02-13,Unassigned,271,32,6,494.96,253
2026-03-20,Paid Social,271,126,1,49.0,227
2026-04-27,Paid Social,271,117,1,51.9,244
2025-09-16,Direct,270,181,3,326.09,241
2025-10-28,Cross-network,270,192,3,188.08,237
2026-02-22,Paid Social,270,131,5,642.0,234
2025-09-04,Direct,269,187,4,443.97,224
2026-02-14,Unassigned,269,47,7,423.0,252
2026-03-30,Paid Social,269,120,0,0.0,228
2025-07-11,Cross-network,268,182,0,0.0,246
2025-07-14,Cross-network,268,195,0,0.0,241
2026-03-25,Paid Social,267,116,3,299.99,220
2025-07-13,Direct,266,163,2,0.0,225
2025-09-28,Direct,266,175,2,91.73,214
2026-06-12,Unassigned,266,33,5,311.99,249
2025-07-17,Cross-network,265,202,0,0.0,243
2025-07-21,Direct,265,166,3,236.29,229
2025-07-27,Direct,265,177,1,129.0,227
2025-09-18,Direct,265,194,7,457.08,231
2025-09-25,Direct,265,179,6,382.08,231
2025-11-07,Direct,265,184,1,189.0,243
2026-01-28,Paid Social,265,113,7,558.99,227
2026-01-29,Paid Social,265,117,3,167.0,225
2026-03-11,Paid Social,265,120,2,98.0,220
2026-05-08,Paid Social,265,99,4,196.0,241
2026-03-12,Email,264,123,3,212.5,174
2025-07-28,Cross-network,263,188,1,89.0,234
2025-09-03,Direct,263,162,4,403.2,220
2026-05-02,Paid Social,263,121,3,229.9,233
2026-06-03,Paid Social,263,121,4,276.0,231
2025-07-23,Direct,262,177,5,431.38,227
2026-05-19,Paid Social,262,94,3,301.0,222
2026-06-21,Paid Social,262,10,3,242.0,223
2025-07-19,Direct,261,173,3,298.1,228
2025-08-10,Cross-network,261,183,2,191.99,235
2025-09-23,Direct,261,185,4,232.07,232
2025-11-22,Direct,261,144,2,0.0,211
2026-04-07,Paid Social,261,125,1,51.9,217
2025-07-17,Direct,260,183,3,341.99,231
2025-07-18,Direct,260,174,4,516.73,226
2025-08-17,Cross-network,260,193,2,235.65,235
2026-01-07,Cross-network,260,162,3,161.99,220
2026-03-12,Paid Social,260,114,7,395.97,214
2025-08-21,Direct,259,166,3,204.65,213
2025-08-25,Cross-network,259,195,0,0.0,238
2025-09-21,Direct,259,184,4,460.5,226
2025-08-27,Cross-network,258,192,0,0.0,237
2025-10-02,Direct,258,168,3,129.09,222
2025-11-30,Direct,258,160,9,746.65,219
2026-05-21,Paid Social,258,112,4,221.99,226
2025-07-24,Direct,257,179,5,591.0,224
2025-08-31,Cross-network,257,178,0,0.0,226
2025-09-12,Direct,257,171,7,277.09,219
2026-01-26,Paid Social,257,106,5,480.0,210
2026-06-17,Paid Social,257,117,6,380.48,214
2025-08-28,Cross-network,256,176,2,140.99,230
2025-07-25,Direct,255,177,2,129.19,221
2025-07-27,Cross-network,255,174,1,46.64,230
2025-08-24,Cross-network,255,189,1,75.65,240
2025-09-17,Direct,255,187,3,438.09,225
2025-10-28,Direct,255,152,3,47.09,206
2025-12-01,Paid Social,255,82,2,196.6,216
2026-03-09,Paid Social,255,105,2,395.0,219
2026-03-13,Email,255,114,2,282.99,154
2025-08-23,Cross-network,254,195,0,0.0,227
2025-09-09,Direct,254,184,4,80.1,221
2025-11-16,Direct,254,151,2,130.99,222
2026-01-29,Email,254,115,0,0.0,161
2026-03-13,Paid Social,254,118,3,202.0,224
2026-03-15,Paid Social,254,106,0,0.0,207
2026-04-06,Paid Social,254,117,2,103.9,221
2025-08-06,Cross-network,253,171,2,142.99,225
2026-01-06,Paid Search,253,130,1,49.0,212
2025-09-02,Direct,252,173,4,166.09,224
2026-02-12,Unassigned,252,52,5,484.0,228
2025-08-20,Direct,251,167,2,208.0,209
2025-09-14,Direct,251,176,5,382.67,215
2026-01-24,Paid Social,251,107,5,419.0,223
2026-02-27,Email,251,119,4,178.96,156
2026-06-09,Paid Social,251,86,1,89.0,210
2025-07-30,Cross-network,250,174,2,132.99,223
2025-10-07,Direct,250,163,4,375.14,218
2026-04-18,Paid Social,250,119,1,49.0,219
2025-07-22,Cross-network,249,173,1,49.09,230
2025-09-13,Direct,249,172,7,355.17,221
2026-06-19,Paid Social,249,106,1,49.0,223
2025-09-19,Direct,248,156,2,0.0,207
2025-10-03,Direct,248,158,4,185.63,212
2025-11-08,Direct,248,163,4,47.09,220
2025-11-23,Direct,248,138,1,79.0,205
2026-02-20,Paid Social,248,83,3,150.99,201
2026-04-05,Paid Social,247,123,2,163.9,209
2025-08-04,Cross-network,246,190,0,0.0,227
2025-08-13,Cross-network,246,180,1,53.99,223
2025-08-25,Direct,246,165,4,142.99,210
2025-07-31,Cross-network,245,179,0,0.0,226
2025-08-05,Cross-network,245,165,0,0.0,207
2025-08-13,Organic Social,245,197,0,0.0,239
2025-08-14,Cross-network,245,172,2,164.65,218
2025-08-08,Direct,244,161,4,204.65,205
2025-08-11,Cross-network,244,174,0,0.0,207
2025-08-29,Direct,244,163,3,278.0,198
2025-09-27,Direct,244,180,7,555.64,209
2025-11-06,Direct,244,157,4,161.97,205
2025-11-06,Organic Social,244,197,1,87.09,235
2025-08-07,Cross-network,243,179,1,64.0,226
2025-08-20,Cross-network,243,163,0,0.0,211
2025-08-26,Cross-network,243,178,0,0.0,225
2025-11-15,Direct,243,150,1,0.0,216
2026-01-18,Paid Social,243,127,3,153.99,216
2026-02-19,Paid Social,243,107,0,0.0,203
2026-04-17,Paid Social,243,116,3,357.9,206
2025-08-26,Direct,242,164,4,278.27,206
2025-09-11,Direct,242,162,6,812.17,208
2025-10-09,Direct,242,171,7,209.99,218
2026-04-04,Paid Social,242,123,0,0.0,202
2025-08-22,Direct,241,159,3,288.1,206
2026-01-23,Paid Social,241,100,5,285.0,203
2026-02-23,Paid Social,241,126,1,49.0,204
2025-07-12,Cross-network,240,168,0,0.0,223
2025-11-17,Direct,240,152,5,99.08,208
2026-02-17,Paid Social,240,113,4,236.0,203
2026-03-24,Email,240,96,0,0.0,161
2026-04-20,Paid Social,240,115,3,274.0,197
2025-07-20,Direct,239,162,1,0.0,206
2026-02-19,Email,239,96,1,36.99,160
2025-11-19,Direct,238,152,4,262.97,202
2026-03-18,Email,238,122,0,0.0,170
2026-04-10,Paid Social,238,106,4,382.8,210
2025-10-31,Direct,237,140,3,319.08,202
2025-11-21,Direct,237,132,5,168.0,198
2025-09-28,Cross-network,236,171,4,274.98,200
2026-04-11,Paid Search,236,181,2,98.0,200
2025-08-09,Cross-network,235,169,2,168.0,216
2026-04-14,Paid Social,235,109,3,291.9,201
2025-07-26,Cross-network,234,158,2,107.98,210
2025-08-13,Direct,234,168,5,256.38,203
2025-08-29,Cross-network,234,164,2,364.64,205
2025-10-04,Direct,234,158,4,94.73,209
2026-05-28,Paid Social,234,110,7,418.89,202
2025-12-06,Paid Social,233,85,0,0.0,205
2026-01-16,Email,233,98,1,52.99,177
2025-10-10,Paid Search,232,195,6,652.37,202
2025-10-29,Direct,232,140,3,193.1,199
2026-03-27,Paid Social,232,107,3,362.8,199
2025-07-25,Cross-network,231,167,1,89.0,205
2025-10-04,Cross-network,231,162,3,219.07,208
2025-12-01,Paid Search,231,141,21,1767.58,157
2025-08-12,Direct,230,155,3,382.65,205
2025-08-27,Direct,230,146,5,53.99,204
2025-08-28,Direct,230,165,5,373.64,198
2025-09-07,Direct,230,159,1,80.1,202
2025-09-20,Direct,230,142,4,279.99,197
2025-09-26,Direct,230,149,3,175.09,206
2025-09-30,Cross-network,230,169,0,0.0,200
2025-10-08,Direct,230,156,7,327.9,202
2026-02-26,Paid Social,230,121,5,425.99,192
2026-05-22,Paid Social,230,88,5,320.99,202
2025-07-15,Cross-network,229,158,1,61.64,204
2025-08-09,Direct,229,151,3,134.09,200
2025-08-18,Direct,229,159,3,347.1,208
2025-08-19,Cross-network,229,167,1,97.99,208
2025-10-05,Direct,229,151,4,568.28,200
2026-04-01,Paid Social,229,111,0,0.0,187
2025-10-27,Cross-network,228,167,2,131.99,202
2025-10-28,Paid Social,228,107,0,0.0,194
2026-03-10,Paid Social,228,102,1,49.0,192
2025-08-01,Cross-network,227,162,0,0.0,201
2025-08-19,Direct,227,147,1,49.09,193
2025-11-05,Direct,227,140,5,327.27,188
2026-04-08,Paid Social,227,118,3,287.9,192
2025-10-06,Cross-network,226,167,2,99.63,206
2025-10-26,Cross-network,226,171,3,178.08,193
2025-11-14,Direct,226,136,3,145.1,200
2026-04-30,Paid Social,226,96,2,163.0,205
2025-08-21,Cross-network,225,155,1,49.09,204
2026-03-23,Email,225,102,1,6.99,147
2026-06-18,Paid Social,225,91,3,198.98,193
2025-07-29,Cross-network,224,161,0,0.0,197
2025-08-02,Cross-network,224,160,1,46.64,207
2025-08-23,Direct,224,145,2,169.1,197
2025-09-21,Cross-network,224,173,2,258.0,204
2025-09-23,Cross-network,224,162,2,140.99,201
2025-07-13,Cross-network,223,170,2,258.0,205
2025-09-24,Cross-network,223,155,5,295.06,191
2025-10-02,Cross-network,223,149,2,130.64,196
2026-02-26,Email,223,90,1,10.0,134
2026-04-15,Paid Social,223,101,1,89.0,184
2025-08-18,Cross-network,222,162,2,168.0,200
2025-06-25,Paid Search,221,153,1,59.0,185
2025-08-08,Cross-network,221,155,2,228.0,201
2025-08-31,Direct,221,151,2,388.0,188
2025-10-25,Paid Social,221,89,0,0.0,199
2025-11-03,Direct,221,136,4,278.1,193
2026-04-16,Paid Social,221,96,2,98.0,194
2025-10-24,Direct,220,126,1,0.0,186
2026-04-12,Paid Search,220,170,4,221.9,185
2025-08-22,Cross-network,219,156,0,0.0,208
2025-11-20,Direct,219,131,2,182.08,195
2026-01-21,Paid Social,219,105,4,236.0,182
2025-06-28,Paid Search,218,139,1,53.99,188
2025-08-14,Direct,218,147,1,154.0,189
2025-08-15,Cross-network,218,169,3,199.98,197
2026-01-22,Paid Social,218,122,3,192.99,187
2026-03-31,Paid Social,216,103,1,49.0,179
2025-10-23,Direct,215,127,1,50.09,184
2025-10-25,Cross-network,215,146,1,54.99,179
2025-10-30,Direct,214,116,4,136.09,172
2026-03-17,Paid Search,214,161,5,399.99,172
2025-08-30,Direct,213,153,7,434.28,191
2025-09-05,Direct,213,152,4,328.63,194
2025-12-01,Organic Search,213,106,11,947.17,153
2025-07-16,Cross-network,211,147,2,122.29,198
2025-08-24,Direct,211,139,3,502.65,178
2025-11-02,Direct,211,121,1,0.0,176
2026-04-23,Paid Social,211,100,0,0.0,191
2025-07-06,Paid Search,210,147,0,0.0,183
2025-12-07,Paid Social,210,59,0,0.0,184
2026-03-16,Paid Social,210,103,0,0.0,185
2025-06-25,Email,209,154,3,212.23,159
2025-08-10,Direct,209,161,4,142.99,185
2026-03-19,Cross-network,209,144,2,103.99,183
2025-07-08,Paid Search,208,157,1,53.99,181
2025-08-15,Direct,208,138,4,424.98,175
2025-09-15,Cross-network,207,152,4,236.97,182
2025-10-26,Direct,207,115,6,373.99,177
2025-10-03,Cross-network,206,150,1,114.0,186
2026-03-30,Email,206,97,3,295.0,152
2025-10-01,Cross-network,205,149,2,102.08,179
2025-10-13,Direct,205,142,4,225.98,168
2025-10-22,Direct,205,130,4,187.98,170
2026-01-14,Cross-network,205,116,3,167.98,172
2026-04-03,Paid Social,205,93,1,154.0,179
2026-06-21,Paid Search,205,13,7,412.0,186
2025-08-16,Cross-network,204,153,0,0.0,183
2026-02-23,Paid Search,204,141,3,515.0,162
2026-06-16,Paid Social,204,88,3,192.99,183
2025-10-21,Direct,203,115,2,124.2,174
2025-06-30,Organic Social,202,172,1,100.0,199
2025-11-27,Unassigned,202,88,3,155.63,198
2025-07-05,Paid Search,201,137,0,0.0,172
2025-07-07,Unassigned,201,82,1,80.1,177
2025-09-09,Cross-network,201,142,0,0.0,177
2025-10-16,Direct,201,137,4,230.62,179
2025-06-30,Paid Search,200,142,1,69.0,166
2025-08-17,Direct,199,139,1,89.0,166
2025-09-20,Cross-network,199,147,0,0.0,173
2025-09-17,Cross-network,198,139,0,0.0,175
2025-09-22,Cross-network,198,142,4,229.62,179
2025-09-13,Cross-network,197,142,1,47.09,174
2025-09-25,Cross-network,197,150,2,130.99,182
2025-11-01,Direct,197,120,2,145.08,176
2025-12-04,Paid Social,197,64,1,238.0,172
2025-09-11,Cross-network,196,144,2,101.08,176
2026-01-06,Cross-network,196,122,0,0.0,164
2025-12-05,Paid Social,194,49,0,0.0,181
2025-10-10,Direct,192,119,2,362.0,157
2025-07-04,Paid Search,191,126,1,46.64,176
2025-07-26,Direct,190,133,2,129.0,177
2025-09-26,Cross-network,190,146,0,0.0,170
2025-10-20,Direct,190,114,2,236.64,165
2026-04-21,Paid Social,189,102,1,54.9,173
2025-09-27,Cross-network,188,136,2,106.98,161
2025-10-07,Cross-network,188,135,1,54.99,171
2025-10-11,Direct,188,117,0,0.0,160
2025-11-18,Direct,188,110,2,0.0,165
2026-01-21,Paid Search,188,142,10,943.0,144
2026-02-20,Email,188,88,1,118.0,132
2025-08-02,Organic Social,187,161,0,0.0,180
2025-10-14,Direct,187,121,3,119.99,156
2026-01-11,Paid Social,187,74,0,0.0,174
2026-02-24,Paid Search,187,138,5,334.0,153
2025-06-25,Cross-network,186,121,0,0.0,162
2025-06-26,Paid Search,186,134,2,228.0,168
2026-01-07,Paid Social,186,72,0,0.0,166
2026-01-22,Paid Search,186,129,5,493.96,145
2025-06-23,Cross-network,185,129,0,0.0,159
2025-06-24,Paid Search,185,130,0,0.0,158
2025-08-30,Cross-network,185,141,1,79.0,171
2025-09-07,Cross-network,185,135,3,257.0,170
2025-10-25,Direct,185,108,4,255.19,156
2026-03-19,Email,185,93,2,333.0,123
2026-03-31,Email,184,93,0,0.0,122
2025-09-18,Cross-network,183,134,1,89.0,159
2026-02-07,Email,183,86,1,49.0,138
2026-03-25,Email,183,80,1,97.5,126
2026-02-05,Paid Search,182,128,10,857.96,140
2025-11-16,Organic Social,181,171,0,0.0,180
2025-09-16,Cross-network,180,122,3,199.97,161
2026-01-17,Email,180,78,0,0.0,132
2025-09-03,Cross-network,179,132,0,0.0,164
2025-09-27,Email,179,109,0,0.0,137
2025-10-18,Direct,179,121,1,47.09,152
2025-10-19,Direct,179,108,1,51.99,154
2025-07-09,Paid Search,178,128,1,49.09,148
2025-09-19,Cross-network,178,132,0,0.0,162
2026-03-20,Email,178,83,0,0.0,123
2025-06-29,Cross-network,176,105,0,0.0,141
2025-09-12,Cross-network,176,117,2,132.19,155
2025-09-29,Cross-network,176,129,3,178.63,153
2025-11-08,Organic Social,176,144,0,0.0,169
2025-12-02,Paid Social,176,55,0,0.0,158
2026-02-07,Paid Search,176,134,8,541.97,149
2025-06-29,Paid Search,175,126,1,63.64,152
2025-06-28,Cross-network,174,120,2,377.0,144
2026-03-17,Cross-network,174,124,3,197.0,162
2026-04-01,Email,174,77,0,0.0,120
2026-04-09,Paid Social,173,88,1,89.0,156
2025-07-03,Paid Search,172,116,0,0.0,148
2025-10-05,Cross-network,172,133,1,44.64,158
2025-07-02,Paid Search,171,124,0,0.0,143
2025-11-04,Direct,171,110,2,50.09,150
2026-03-21,Paid Search,171,109,2,178.0,144
2025-09-04,Cross-network,169,123,2,128.09,146
2025-07-08,Email,168,98,0,0.0,128
2026-01-09,Paid Social,168,61,0,0.0,158
2026-01-10,Paid Social,168,56,0,0.0,151
2025-06-23,Paid Search,167,119,0,0.0,148
2025-09-14,Cross-network,167,127,0,0.0,143
2025-10-15,Direct,167,103,6,248.73,145
2025-07-07,Paid Search,166,121,2,182.99,150
2025-09-10,Cross-network,166,128,1,53.99,149
2026-04-02,Paid Social,166,68,0,0.0,141
2025-07-01,Paid Search,165,125,2,334.0,144
2025-06-27,Paid Search,164,115,3,232.99,136
2025-07-10,Paid Search,164,116,1,79.0,150
2025-09-02,Cross-network,164,120,1,89.0,141
2026-01-20,Paid Social,164,80,6,335.09,142
2026-04-02,Email,163,68,0,0.0,100
2025-09-09,Organic Social,161,147,1,79.0,157
2025-10-12,Direct,161,102,3,84.99,134
2026-02-05,Cross-network,161,96,6,542.99,123
2025-07-08,Cross-network,160,106,1,53.99,137
2025-10-17,Direct,159,103,5,132.08,144
2026-03-29,Paid Search,158,117,0,0.0,136
2025-06-22,Cross-network,157,106,1,208.0,128
2026-03-26,Email,157,67,0,0.0,112
2025-06-26,Cross-network,156,116,1,69.0,132
2025-07-31,Organic Social,156,135,1,46.64,149
2025-12-03,Paid Social,156,52,0,0.0,134
2026-01-20,Paid Search,156,103,4,321.99,109
2026-03-23,Paid Search,156,99,3,365.0,124
2025-07-01,Email,155,98,2,282.5,116
2025-09-14,Unassigned,155,88,2,238.1,132
2026-03-02,Paid Search,155,103,5,290.96,124
2025-06-24,Cross-network,154,108,1,89.0,141
2026-03-27,Email,154,75,1,34.5,98
2025-06-22,Paid Search,151,118,0,0.0,140
2025-09-06,Cross-network,151,112,0,0.0,137
2025-12-02,Organic Search,151,67,2,117.39,111
2026-04-07,Paid Search,150,96,4,239.8,113
2026-05-21,Email,150,62,5,205.97,117
2025-09-05,Email,149,90,0,0.0,120
2026-01-12,Paid Social,149,44,0,0.0,140
2026-03-24,Paid Search,149,102,0,0.0,125
2025-10-06,Organic Social,147,91,0,0.0,145
2026-01-19,Paid Social,147,68,2,163.0,126
2026-01-06,Paid Social,146,45,0,0.0,136
2026-03-22,Paid Search,146,92,1,49.0,128
2025-09-05,Cross-network,145,101,2,151.98,130
2025-11-29,Unassigned,145,72,2,199.19,141
2026-04-22,Paid Social,145,70,4,296.0,131
2025-07-09,Cross-network,144,95,2,107.98,125
2025-07-10,Cross-network,144,86,0,0.0,119
2025-07-06,Cross-network,143,104,0,0.0,130
2026-03-09,Paid Search,143,100,3,167.0,108
2026-04-01,Paid Search,143,90,3,249.99,118
2026-01-13,Organic Search,142,100,2,175.0,112
2026-02-06,Paid Search,142,85,4,248.98,108
2026-03-30,Paid Search,141,94,2,100.9,120
2026-01-08,Organic Search,140,89,3,187.0,107
2026-01-08,Paid Social,140,52,0,0.0,114
2026-03-03,Paid Search,140,102,3,187.0,110
2026-03-22,Email,139,70,2,158.0,112
2026-01-27,Paid Search,138,99,5,267.99,109
2025-07-30,Email,137,76,0,0.0,100
2026-02-22,Email,137,48,0,0.0,113
2026-03-25,Paid Search,137,89,3,193.99,106
2026-03-28,Paid Search,137,91,0,0.0,110
2025-06-25,Unassigned,136,54,1,100.0,121
2026-02-09,Paid Search,136,89,5,292.98,111
2026-04-29,Email,136,59,1,49.0,112
2025-08-03,Organic Social,133,120,0,0.0,129
2025-09-08,Cross-network,133,106,3,146.17,119
2025-12-10,Paid Social,133,33,0,0.0,119
2025-12-13,Paid Social,133,30,1,51.99,122
2026-02-28,Email,133,55,1,49.0,87
2025-12-14,Paid Social,132,45,0,0.0,124
2026-01-07,Organic Search,132,93,4,281.99,116
2025-07-15,Organic Social,131,109,0,0.0,130
2026-03-26,Paid Search,130,78,3,306.0,100
2025-06-29,Unassigned,129,64,3,266.09,106
2026-01-24,Email,129,52,0,0.0,97
2026-02-08,Paid Search,129,89,4,316.0,111
2026-03-20,Paid Search,129,75,4,335.0,102
2026-04-09,Email,129,77,1,49.0,103
2025-07-10,Organic Social,128,105,0,0.0,128
2025-08-14,Organic Social,128,108,0,0.0,125
2026-02-14,Email,128,48,0,0.0,93
2025-12-03,Paid Search,127,88,2,286.08,99
2025-12-09,Paid Social,127,42,0,0.0,111
2026-01-16,Paid Search,127,83,3,306.98,101
2026-03-31,Paid Search,127,77,2,148.98,97
2026-04-04,Paid Search,127,71,3,214.8,96
2025-12-08,Paid Social,126,42,1,189.0,117
2026-01-17,Paid Social,126,50,2,178.0,110
2026-02-25,Paid Search,126,87,1,52.99,103
2026-03-14,Email,126,68,0,0.0,83
2026-03-11,Paid Search,125,80,7,624.98,101
2025-06-30,Cross-network,124,73,0,0.0,103
2026-01-12,Organic Search,124,79,0,0.0,96
2026-02-15,Paid Search,124,76,3,217.99,94
2026-04-08,Paid Search,124,73,3,277.89,99
2026-04-09,Paid Search,124,78,4,225.7,101
2025-12-12,Paid Social,123,31,0,0.0,115
2026-01-16,Paid Social,123,50,1,49.0,106
2026-02-10,Paid Search,123,84,4,326.99,98
2026-02-19,Paid Search,123,79,2,247.0,92
2026-03-01,Paid Search,123,95,4,281.0,101
2026-03-15,Paid Search,123,72,4,459.9,105
2026-03-29,Cross-network,123,92,3,148.9,102
2026-06-07,Email,123,56,2,345.0,96
2025-06-27,Cross-network,122,82,0,0.0,106
2025-07-02,Cross-network,122,71,0,0.0,106
2025-08-11,Organic Social,122,104,0,0.0,116
2026-03-13,Paid Search,122,82,4,312.98,98
2026-01-31,Email,121,56,0,0.0,93
2026-02-16,Paid Search,121,81,3,243.1,92
2025-06-29,Organic Social,120,76,0,0.0,116
2025-08-06,Email,120,69,1,49.09,92
2026-01-09,Organic Search,120,76,3,172.97,92
2026-01-15,Paid Search,120,75,4,268.98,92
2026-01-25,Paid Search,120,86,3,129.99,99
2026-03-07,Email,120,53,0,0.0,93
2025-07-04,Cross-network,119,81,0,0.0,107
2025-07-07,Cross-network,119,89,0,0.0,101
2025-12-05,Organic Search,119,64,4,291.17,91
2026-02-24,Cross-network,119,93,2,118.0,102
2026-03-05,Paid Search,119,84,0,0.0,100
2026-04-13,Paid Search,119,78,1,2.99,101
2025-11-29,Organic Social,118,106,1,62.3,111
2025-12-02,Paid Search,118,78,3,102.56,96
2026-03-16,Paid Search,118,74,1,94.99,90
2026-04-06,Paid Search,118,63,2,103.9,103
2025-11-09,Organic Social,117,102,1,51.99,109
2025-11-18,Organic Social,117,87,0,0.0,114
2025-11-25,Unassigned,117,45,2,115.48,116
2026-01-28,Paid Search,117,81,3,192.99,92
2026-04-21,Paid Search,117,82,1,89.0,105
2025-07-05,Cross-network,116,73,1,89.0,102
2025-12-03,Organic Search,116,64,1,49.09,93
2026-01-17,Paid Search,116,76,4,367.99,95
2026-02-18,Paid Search,116,68,1,95.99,87
2026-01-22,Cross-network,115,92,3,158.98,102
2026-03-14,Paid Search,115,84,0,0.0,101
2026-01-13,Paid Social,114,49,0,0.0,108
2026-02-22,Paid Search,114,76,2,147.98,95
2026-03-04,Paid Search,114,80,4,261.99,87
2026-04-14,Paid Search,114,79,4,258.9,94
2025-07-23,Organic Social,113,100,0,0.0,109
2025-12-07,Organic Search,113,60,2,229.98,80
2026-02-17,Paid Search,113,65,1,168.99,85
2025-06-30,Unassigned,112,38,2,132.99,94
2025-07-01,Organic Social,112,96,0,0.0,112
2026-02-06,Cross-network,112,76,4,272.98,93
2026-03-10,Paid Search,112,75,2,143.99,95
2026-04-02,Paid Search,112,68,3,266.0,95
2026-04-03,Paid Search,112,66,3,258.99,93
2025-06-23,Unassigned,111,41,3,254.63,92
2026-01-18,Paid Search,111,74,6,334.0,86
2026-04-18,Paid Search,111,75,3,187.0,94
2026-01-26,Paid Search,110,83,1,49.0,98
2026-01-30,Paid Search,110,65,1,54.99,90
2026-03-08,Paid Search,110,80,3,238.98,90
2026-03-28,Cross-network,110,82,3,176.89,96
2026-04-10,Paid Search,110,80,4,379.9,98
2025-07-01,Cross-network,109,68,0,0.0,93
2026-02-26,Paid Search,109,81,5,459.99,88
2026-04-05,Paid Search,109,76,1,149.9,91
2025-07-20,Organic Social,108,84,0,0.0,105
2025-08-15,Organic Social,108,84,1,53.99,105
2025-08-27,Email,108,61,0,0.0,83
2025-09-06,Email,108,60,0,0.0,85
2025-11-15,Organic Social,108,93,0,0.0,104
2025-12-06,Organic Search,108,53,2,417.0,86
2026-01-17,Cross-network,108,78,3,152.99,80
2025-06-28,Unassigned,107,44,4,387.0,98
2025-07-16,Email,107,66,1,49.09,85
2026-01-14,Paid Social,107,43,0,0.0,99
2026-04-11,Cross-network,107,84,2,124.9,102
2026-06-22,Direct,107,0,0,0.0,105
2025-07-29,Organic Social,106,80,0,0.0,103
2025-09-19,Email,106,66,1,69.0,81
2026-03-06,Paid Search,106,68,0,0.0,86
2026-03-07,Paid Search,106,62,1,53.99,75
2026-03-12,Paid Search,106,71,1,89.0,96
2025-06-22,Unassigned,105,51,0,0.0,99
2025-09-10,Organic Social,105,90,1,45.64,100
2026-04-19,Paid Search,105,79,1,89.0,91
2025-07-11,Organic Social,104,80,0,0.0,101
2025-07-16,Organic Social,104,92,1,46.64,98
2025-11-26,Organic Social,104,97,2,114.99,102
2025-11-27,Organic Social,104,96,1,66.75,99
2025-12-04,Organic Search,104,50,1,29.09,81
2025-12-11,Paid Social,104,29,0,0.0,96
2026-01-19,Paid Search,104,64,0,0.0,72
2026-01-23,Paid Search,104,76,2,207.0,85
2026-02-27,Paid Search,103,77,5,324.99,85
2025-07-09,Organic Social,102,80,0,0.0,97
2025-12-01,Direct,102,49,3,60.58,89
2026-04-05,Cross-network,102,86,2,187.0,93
2026-01-16,Cross-network,101,65,1,94.99,75
2026-03-30,Cross-network,101,68,1,49.0,82
2025-07-03,Cross-network,100,64,0,0.0,93
2025-07-21,Organic Social,100,76,0,0.0,97
2025-11-13,Organic Social,100,86,1,213.0,94
2025-12-04,Paid Search,100,68,1,258.0,77
2026-01-31,Paid Search,100,71,4,386.98,81
2026-04-19,Email,100,46,2,171.99,72
2025-06-26,Unassigned,99,46,0,0.0,88
2025-07-25,Organic Social,99,76,0,0.0,95
2025-11-24,Organic Social,99,83,1,74.25,97
2025-11-26,Unassigned,99,22,0,0.0,95
2026-02-11,Paid Search,99,64,4,335.97,76
2026-02-28,Paid Search,99,69,1,49.0,81
2026-03-29,Email,99,70,0,0.0,89
2025-12-08,Organic Search,97,53,3,334.09,79
2025-12-15,Paid Social,97,37,1,89.0,89
2026-02-08,Cross-network,97,62,3,218.99,81
2026-04-20,Paid Search,97,68,2,143.9,85
2026-05-30,Email,97,52,5,250.89,77
2025-07-01,Unassigned,96,17,2,162.1,87
2025-11-28,Organic Social,96,85,1,41.29,91
2025-07-07,Organic Social,95,75,0,0.0,91
2025-07-24,Organic Social,95,85,1,46.64,90
2026-03-21,Email,95,49,0,0.0,76
2026-04-03,Email,95,40,0,0.0,72
2025-10-07,Organic Social,94,65,0,0.0,91
2025-11-20,Organic Social,94,74,0,0.0,90
2025-12-01,Cross-network,94,42,5,355.47,76
2026-01-24,Paid Search,94,60,3,207.98,78
2026-01-25,Cross-network,94,74,3,147.0,78
2026-01-29,Paid Search,94,69,5,353.98,81
2026-04-12,Cross-network,94,69,1,49.0,93
2026-05-04,Email,94,46,1,89.0,77
2025-07-27,Organic Social,93,74,0,0.0,89
2025-09-29,Organic Social,93,75,1,154.0,89
2026-02-07,Cross-network,93,62,0,0.0,79
2026-05-27,Email,93,34,1,55.74,76
2025-07-02,Organic Social,92,73,0,0.0,89
2025-07-10,Unassigned,92,26,0,0.0,88
2026-01-10,Organic Search,92,52,0,0.0,78
2026-03-27,Paid Search,92,62,4,276.7,74
2026-04-15,Paid Search,92,60,1,49.0,72
2025-11-25,Organic Social,91,71,2,107.49,83
2025-12-10,Organic Search,91,51,1,31.99,65
2026-02-14,Paid Search,91,60,0,0.0,76
2026-02-20,Paid Search,91,51,3,190.99,70
2026-03-24,Cross-network,91,70,1,59.0,78
2025-07-09,Unassigned,90,29,0,0.0,86
2026-01-21,Cross-network,90,61,0,0.0,81
2026-04-16,Paid Search,90,59,0,0.0,70
2026-06-17,Email,90,43,1,49.0,63
2025-11-14,Organic Social,89,73,0,0.0,86
2025-12-21,Paid Social,89,32,0,0.0,82
2025-06-28,Email,88,44,0,0.0,75
2025-12-16,Paid Social,88,27,0,0.0,78
2026-03-02,Cross-network,87,59,3,257.99,75
2026-01-27,Cross-network,86,59,1,49.0,76
2026-02-12,Paid Search,86,54,3,159.98,68
2026-04-10,Email,86,31,2,103.9,64
2026-04-17,Paid Search,86,60,1,49.0,73
2026-05-01,Email,86,43,4,277.98,63
2026-06-22,Cross-network,86,0,0,0.0,86
2025-06-24,Unassigned,85,37,0,0.0,75
2025-12-20,Paid Social,85,21,0,0.0,82
2025-07-02,Unassigned,84,26,0,0.0,77
2025-09-24,Organic Social,84,65,1,50.09,81
2025-12-05,Paid Search,84,48,0,0.0,56
2026-01-15,Cross-network,84,57,7,608.0,68
2026-02-09,Cross-network,84,53,2,118.0,70
2026-05-20,Cross-network,84,63,3,187.0,71
2026-05-24,Email,84,42,0,0.0,68
2026-06-15,Paid Search,84,51,4,342.89,73
2026-06-16,Paid Search,84,49,4,276.0,60
2025-08-16,Organic Social,83,65,0,0.0,81
2026-01-18,Email,83,34,0,0.0,73
2026-02-25,Cross-network,83,58,3,152.99,70
2026-06-17,Paid Search,83,51,2,147.9,68
2025-07-08,Organic Social,82,72,0,0.0,77
2025-08-31,Organic Social,82,74,0,0.0,81
2025-12-05,Direct,82,34,1,0.0,66
2026-01-28,Cross-network,82,56,3,173.99,59
2026-06-12,Paid Search,82,56,1,89.0,68
2025-06-28,Organic Social,81,63,0,0.0,77
2025-07-08,Unassigned,81,20,1,89.0,74
2025-09-21,Organic Social,81,67,0,0.0,78
2025-09-25,Organic Social,81,68,1,358.0,80
2025-11-19,Organic Social,81,67,0,0.0,76
2025-12-09,Organic Search,81,50,2,97.97,67
2025-12-28,Paid Social,81,22,0,0.0,73
2026-03-01,Cross-network,81,59,3,192.99,64
2026-06-14,Paid Search,81,48,1,64.99,69
2025-07-06,Organic Social,80,58,0,0.0,78
2025-08-12,Organic Social,80,69,1,189.0,73
2026-01-02,Paid Social,80,27,0,0.0,61
2026-01-18,Cross-network,80,54,5,339.99,61
2026-02-08,Email,80,39,1,118.0,66
2026-06-11,Paid Search,80,53,3,167.0,67
2025-09-07,Organic Social,79,58,0,0.0,73
2026-01-01,Paid Social,79,24,0,0.0,73
2026-02-27,Cross-network,79,56,2,98.0,69
2025-07-05,Organic Social,78,64,0,0.0,75
2025-07-19,Organic Social,78,69,0,0.0,77
2025-09-08,Organic Social,78,61,0,0.0,74
2026-02-23,Cross-network,78,55,1,89.0,68
2026-03-13,Cross-network,78,62,4,330.0,66
2026-04-06,Cross-network,78,54,0,0.0,68
2026-06-22,Organic Search,78,0,0,0.0,71
2025-07-03,Organic Social,77,59,1,189.0,77
2025-08-22,Organic Social,77,59,0,0.0,76
2025-12-14,Organic Search,77,47,1,89.0,60
2025-12-22,Paid Social,77,22,0,0.0,72
2026-01-05,Direct,77,38,1,0.0,68
2026-01-11,Organic Search,77,40,1,54.99,65
2026-01-30,Cross-network,77,55,2,138.0,66
2026-05-22,Email,77,37,3,313.9,63
2025-12-02,Direct,76,28,3,0.0,68
2026-01-06,Organic Search,76,45,0,0.0,55
2026-01-24,Cross-network,76,52,3,296.0,59
2026-03-14,Cross-network,76,56,2,101.99,69
2025-09-01,Organic Social,75,55,0,0.0,72
2026-01-15,Paid Social,75,37,0,0.0,67
2026-02-21,Paid Search,75,48,2,118.0,55
2025-07-22,Organic Social,74,61,0,0.0,70
2025-07-28,Organic Social,74,57,0,0.0,72
2026-03-28,Email,74,41,0,0.0,55
2026-06-10,Paid Search,74,49,2,163.99,65
2026-06-13,Paid Search,74,44,2,98.0,66
2025-07-12,Organic Social,73,67,0,0.0,72
2025-07-17,Organic Social,73,51,0,0.0,73
2025-08-19,Organic Social,73,58,0,0.0,72
2025-09-30,Organic Social,73,57,0,0.0,69
2025-12-17,Organic Search,73,39,1,99.99,51
2026-01-15,Email,73,40,2,91.99,63
2026-01-29,Cross-network,73,53,3,207.98,61
2026-02-02,Organic Social,73,49,1,54.99,66
2026-03-10,Cross-network,73,57,1,55.99,69
2026-03-12,Cross-network,73,53,4,307.99,60
2026-03-26,Cross-network,73,53,0,0.0,67
2026-04-01,Cross-network,73,59,0,0.0,70
2025-08-01,Organic Social,72,61,0,0.0,71
2025-08-26,Organic Social,72,62,0,0.0,72
2025-09-13,Organic Social,72,54,0,0.0,68
2025-09-22,Organic Social,72,58,0,0.0,67
2025-10-05,Organic Social,72,60,0,0.0,69
2026-01-05,Paid Social,72,21,0,0.0,64
2026-02-01,Organic Social,72,53,0,0.0,71
2026-02-10,Cross-network,72,48,3,187.0,55
2026-02-13,Paid Search,72,47,2,121.99,64
2026-03-05,Cross-network,72,51,2,212.99,60
2026-03-23,Cross-network,72,48,1,32.99,68
2025-06-25,Organic Social,71,50,0,0.0,66
2025-08-11,Unassigned,71,7,0,0.0,69
2025-11-21,Organic Social,71,66,0,0.0,70
2025-12-23,Paid Social,71,18,0,0.0,61
2026-01-27,Referral,71,38,1,0.0,58
2026-01-28,Referral,71,38,2,0.0,66
2026-01-31,Cross-network,71,49,1,54.99,58
2026-03-03,Cross-network,71,57,2,144.99,65
2026-06-01,Cross-network,71,45,2,118.0,57
2025-06-26,Email,70,39,1,127.1,51
2025-06-30,Email,70,46,0,0.0,48
2025-09-11,Organic Social,70,58,1,79.0,67
2025-12-09,Cross-network,70,47,0,0.0,57
2025-12-30,Paid Social,70,26,1,178.0,60
2026-02-04,Referral,70,30,1,0.0,59
2026-02-15,Email,70,29,2,183.99,61
2026-02-21,Email,70,30,0,0.0,51
2026-03-27,Cross-network,70,53,3,154.8,59
2026-05-14,Email,70,36,3,198.9,55
2025-07-03,Unassigned,69,9,2,100.63,67
2025-08-07,Organic Social,69,60,1,129.0,67
2025-09-23,Organic Social,69,56,0,0.0,67
2025-12-02,Cross-network,69,38,0,0.0,58
2026-03-04,Cross-network,69,56,0,0.0,65
2026-05-26,Cross-network,69,48,2,106.98,60
2025-07-14,Organic Social,68,58,1,89.0,67
2025-08-05,Unassigned,68,18,0,0.0,63
2025-08-06,Organic Social,68,58,0,0.0,67
2025-09-04,Organic Social,68,60,0,0.0,67
2025-10-14,Organic Social,68,59,0,0.0,66
2025-12-03,Cross-network,68,42,0,0.0,52
2026-02-19,Cross-network,68,47,1,49.0,60
2026-02-24,Referral,68,31,5,0.0,63
2026-03-22,Cross-network,68,47,1,49.0,62
2026-06-19,Paid Search,68,36,3,187.0,61
2026-06-21,Email,68,3,0,0.0,58
2025-07-18,Organic Social,67,52,0,0.0,65
2025-07-21,Referral,67,40,0,0.0,50
2025-08-27,Organic Social,67,58,3,236.62,65
2025-10-13,Organic Social,67,55,0,0.0,67
2025-12-11,Organic Search,67,37,2,363.99,51
2025-12-18,Paid Social,67,22,0,0.0,64
2025-12-25,Paid Social,67,13,0,0.0,66
2026-02-03,Referral,67,33,1,0.0,59
2025-09-09,Unassigned,66,9,3,307.0,62
2025-09-20,Organic Social,66,57,1,0.0,63
2025-10-03,Organic Social,66,56,1,79.0,62
2025-11-23,Organic Social,66,58,0,0.0,65
2025-12-18,Organic Search,66,48,1,80.1,50
2025-12-26,Paid Social,66,17,0,0.0,60
2025-12-29,Paid Social,66,20,0,0.0,61
2026-01-03,Paid Social,66,19,0,0.0,58
2026-03-06,Cross-network,66,50,1,55.99,60
2026-03-15,Cross-network,66,52,3,227.0,58
2026-03-25,Cross-network,66,46,0,0.0,60
2026-06-09,Email,66,30,0,0.0,52
2026-06-20,Paid Search,66,34,0,0.0,50
2025-07-29,Unassigned,65,19,0,0.0,62
2026-01-05,Paid Search,65,43,1,158.0,52
2026-02-01,Email,65,24,1,94.99,53
2026-03-11,Cross-network,65,48,2,103.99,56
2026-03-31,Cross-network,65,47,0,0.0,62
2026-05-16,Email,65,35,1,148.0,43
2025-07-04,Organic Social,64,49,0,0.0,63
2025-08-29,Organic Social,64,54,0,0.0,60
2025-09-16,Organic Social,64,54,0,0.0,63
2025-09-20,Email,64,43,1,138.0,49
2025-11-11,Unassigned,64,2,0,0.0,64
2025-12-08,Paid Search,64,38,2,123.58,50
2026-02-09,Referral,64,31,2,0.0,56
2026-03-07,Cross-network,64,48,1,54.99,54
2026-03-21,Cross-network,64,37,1,63.99,54
2026-04-22,Paid Search,64,44,2,129.8,51
2026-04-25,Cross-network,64,46,0,0.0,55
2026-04-27,Cross-network,64,47,2,103.99,56
2025-06-23,Organic Social,63,53,0,0.0,63
2025-07-09,Email,63,34,1,89.0,50
2025-07-11,Unassigned,63,13,0,0.0,62
2025-07-26,Organic Social,63,56,0,0.0,62
2025-09-08,Referral,63,37,5,349.1,43
2025-10-09,Organic Social,63,48,0,0.0,62
2025-10-27,Organic Social,63,60,0,0.0,63
2025-12-05,Cross-network,63,42,0,0.0,50
2026-02-02,Referral,63,23,2,0.0,47
2026-02-11,Referral,63,42,4,69.0,53
2026-04-11,Email,63,31,0,0.0,50
2025-06-29,Email,62,31,0,0.0,45
2025-07-03,Email,62,36,0,0.0,43
2025-09-02,Organic Social,62,55,0,0.0,57
2025-09-06,Organic Social,62,55,0,0.0,61
2025-09-14,Organic Social,62,52,1,118.99,59
2025-11-02,Organic Social,62,57,0,0.0,57
2026-01-26,Cross-network,62,39,3,287.99,49
2026-03-08,Cross-network,62,43,0,0.0,56
2026-03-09,Cross-network,62,46,3,240.98,58
2026-04-04,Cross-network,62,50,2,221.99,59
2026-04-14,Cross-network,62,43,2,103.9,52
2026-05-03,Cross-network,62,38,3,147.0,53
2026-06-18,Paid Search,62,37,1,49.0,53
2025-06-26,Organic Social,61,51,0,0.0,58
2025-07-30,Organic Social,61,50,1,75.65,56
2025-08-04,Organic Social,61,53,0,0.0,61
2025-08-05,Organic Social,61,53,1,129.0,59
2025-08-10,Organic Social,61,54,0,0.0,60
2025-08-24,Organic Social,61,48,0,0.0,59
2025-09-18,Email,61,44,0,0.0,54
2025-09-18,Organic Social,61,55,0,0.0,61
2025-10-12,Organic Social,61,49,0,0.0,60
2025-11-30,Organic Social,61,50,0,0.0,56
2025-12-08,Cross-network,61,43,0,0.0,45
2026-01-20,Cross-network,61,48,2,138.0,51
2026-03-16,Cross-network,61,46,2,134.99,53
2026-04-20,Cross-network,61,44,0,0.0,50
2026-04-21,Cross-network,61,42,1,63.99,52
2025-08-04,Unassigned,60,9,1,49.09,58
2025-09-15,Organic Social,60,52,0,0.0,60
2025-10-20,Organic Social,60,51,0,0.0,60
2025-11-30,Unassigned,60,21,0,0.0,59
2025-12-06,Paid Search,60,41,1,129.0,48
2025-12-17,Paid Social,60,20,1,31.99,55
2026-01-29,Referral,60,34,3,0.0,58
2026-04-19,Cross-network,60,42,0,0.0,51
2026-04-23,Cross-network,60,40,1,148.0,58
2026-05-25,Email,60,28,1,51.9,47
2025-06-27,Organic Social,59,47,0,0.0,58
2025-07-04,Unassigned,59,12,1,80.1,58
2025-08-28,Organic Social,59,52,0,0.0,55
2025-09-15,Unassigned,59,6,0,0.0,56
2025-09-17,Organic Social,59,50,2,199.09,54
2025-10-28,Organic Social,59,51,0,0.0,57
2025-10-29,Organic Social,59,52,0,0.0,54
2025-12-04,Cross-network,59,35,1,47.09,44
2025-12-06,Cross-network,59,45,0,0.0,53
2025-12-07,Paid Search,59,43,2,134.19,48
2026-01-23,Cross-network,59,37,0,0.0,48
2026-05-26,Email,59,26,1,31.99,41
2026-06-10,Cross-network,59,44,2,219.99,48
2026-06-11,Email,59,34,5,692.98,35
2025-07-24,Paid Search,58,27,0,0.0,47
2025-08-23,Organic Social,58,46,1,53.99,56
2025-09-10,Unassigned,58,6,0,0.0,56
2025-10-18,Organic Social,58,46,0,0.0,54
2025-11-03,Referral,58,32,2,84.99,37
2025-11-22,Organic Social,58,50,0,0.0,57
2025-11-24,Referral,58,39,6,575.73,40
2026-01-04,Paid Social,58,22,1,34.99,52
2026-02-03,Organic Social,58,42,1,49.0,56
2026-02-11,Cross-network,58,40,1,49.0,46
2026-03-18,Organic Social,58,46,0,0.0,55
2026-04-05,Email,58,41,1,49.0,53
2026-04-15,Cross-network,58,40,0,0.0,53
2026-04-29,Cross-network,58,39,0,0.0,51
2025-06-24,Referral,57,29,0,0.0,41
2025-07-28,Paid Search,57,25,1,89.0,43
2025-08-08,Organic Social,57,46,0,0.0,53
2025-08-17,Organic Social,57,47,1,114.0,55
2025-08-25,Organic Social,57,53,0,0.0,55
2025-09-01,Paid Search,57,31,0,0.0,45
2025-09-25,Unassigned,57,5,0,0.0,57
2025-11-09,Unassigned,57,5,0,0.0,57
2026-02-16,Cross-network,57,36,0,0.0,46
2026-02-16,Referral,57,29,2,0.0,51
2026-02-21,Cross-network,57,44,1,69.0,43
2026-02-26,Cross-network,57,48,1,55.99,51
2026-03-09,Referral,57,26,3,0.0,47
2026-04-05,Organic Shopping,57,16,0,0.0,45
2026-05-05,Paid Social,57,16,1,89.0,46
2026-05-13,Cross-network,57,46,3,204.97,49
2025-07-01,Referral,56,39,5,479.19,43
2025-07-31,Unassigned,56,15,0,0.0,56
2025-08-10,Paid Search,56,22,0,0.0,42
2025-09-08,Unassigned,56,13,1,114.0,50
2025-10-16,Organic Social,56,44,0,0.0,50
2025-10-29,Referral,56,27,1,129.0,35
2025-12-19,Organic Search,56,34,0,0.0,44
2026-06-14,Cross-network,56,34,4,469.99,43
2025-06-24,Organic Social,55,49,0,0.0,55
2025-07-06,Unassigned,55,10,0,0.0,50
2025-07-13,Organic Social,55,49,0,0.0,55
2025-09-12,Organic Social,55,48,0,0.0,54
2025-09-14,Referral,55,28,0,0.0,33
2025-09-24,Unassigned,55,3,0,0.0,52
2025-10-02,Unassigned,55,10,0,0.0,54
2025-11-10,Unassigned,55,0,1,54.99,54
2025-12-03,Direct,55,22,1,51.99,46
2025-12-07,Direct,55,26,3,0.0,47
2025-12-11,Paid Search,55,40,2,126.09,42
2025-12-16,Organic Search,55,36,0,0.0,44
2026-01-19,Cross-network,55,34,3,316.99,40
2026-02-04,Organic Social,55,44,2,138.0,51
2026-02-12,Referral,55,30,0,0.0,42
2026-05-30,Cross-network,55,37,0,0.0,45
2026-06-05,Cross-network,55,37,3,193.99,41
2025-07-02,Email,54,34,3,295.98,41
2025-07-25,Paid Search,54,29,1,53.99,42
2025-07-25,Referral,54,33,0,0.0,39
2025-07-29,Referral,54,28,1,0.0,29
2025-08-13,Unassigned,54,9,0,0.0,52
2025-08-20,Organic Social,54,44,0,0.0,53
2025-08-30,Organic Social,54,47,1,50.0,53
2025-09-27,Organic Social,54,43,0,0.0,52
2025-10-27,Referral,54,34,5,471.1,27
2025-11-03,Organic Social,54,44,0,0.0,53
2025-11-04,Unassigned,54,6,1,418.0,53
2025-12-13,Organic Search,54,27,1,134.99,43
2025-12-27,Paid Social,54,15,0,0.0,52
2026-02-10,Referral,54,32,2,55.99,47
2026-02-17,Cross-network,54,44,0,0.0,49
2026-03-06,Referral,54,26,0,0.0,45
2026-03-20,Cross-network,54,36,1,49.0,46
2026-04-07,Cross-network,54,40,2,129.8,47
2026-04-08,Cross-network,54,36,1,90.9,45
2026-04-13,Cross-network,54,40,0,0.0,50
2026-05-06,Email,54,23,1,69.0,28
2026-05-23,Cross-network,54,40,2,63.98,44
2025-07-17,Unassigned,53,11,0,0.0,51
2025-08-28,Paid Search,53,23,2,169.1,40
2025-09-03,Organic Social,53,48,0,0.0,52
2025-09-07,Referral,53,27,1,0.0,36
2025-09-18,Unassigned,53,11,0,0.0,53
2025-09-25,Referral,53,25,1,79.0,42
2025-09-26,Organic Social,53,45,1,258.2,49
2025-10-15,Organic Social,53,44,0,0.0,51
2025-11-01,Organic Social,53,40,1,51.99,50
2025-12-04,Direct,53,20,1,0.0,47
2025-12-09,Direct,53,28,3,243.2,41
2025-12-20,Organic Search,53,32,1,79.0,41
2026-02-22,Cross-network,53,49,4,201.99,47
2026-02-28,Cross-network,53,39,1,49.0,48
2025-07-21,Paid Search,52,26,0,0.0,43
2025-09-17,Unassigned,52,11,0,0.0,51
2025-10-11,Organic Social,52,41,0,0.0,51
2025-10-21,Organic Social,52,44,0,0.0,49
2025-11-09,Email,52,23,0,0.0,36
2025-11-28,Referral,52,33,2,74.58,37
2025-12-12,Cross-network,52,38,0,0.0,49
2025-12-12,Organic Search,52,29,1,31.99,43
2025-12-18,Direct,52,21,0,0.0,35
2026-02-15,Cross-network,52,43,2,138.0,48
2026-03-26,Referral,52,18,3,0.0,42
2026-04-26,Cross-network,52,36,2,101.99,43
2026-05-01,Cross-network,52,35,0,0.0,44
2026-05-28,Cross-network,52,34,0,0.0,48
2026-05-29,Email,52,25,4,954.99,38
2025-07-24,Referral,51,26,1,0.0,36
2025-10-08,Referral,51,21,4,165.74,37
2025-10-15,Unassigned,51,8,0,0.0,50
2025-10-22,Unassigned,51,5,0,0.0,47
2025-10-30,Referral,51,28,2,54.99,32
2025-12-09,Paid Search,51,29,2,143.08,39
2025-12-11,Cross-network,51,35,0,0.0,47
2026-02-13,Cross-network,51,36,2,98.0,44
2026-02-20,Cross-network,51,41,0,0.0,47
2026-03-02,Referral,51,19,0,0.0,44
2026-03-04,Referral,51,31,5,0.0,48
2026-04-10,Cross-network,51,36,0,0.0,46
2026-06-02,Cross-network,51,35,4,503.0,44
2026-06-11,Cross-network,51,35,2,138.0,46
2025-06-22,Organic Social,50,39,0,0.0,49
2025-07-07,Referral,50,25,4,151.3,34
2025-07-16,Unassigned,50,7,0,0.0,47
2025-07-17,Referral,50,27,1,0.0,38
2025-07-31,Referral,50,31,0,0.0,32
2025-08-12,Unassigned,50,4,2,264.65,49
2025-08-21,Organic Social,50,38,0,0.0,49
2025-09-19,Organic Social,50,41,0,0.0,48
2025-10-01,Organic Social,50,38,1,54.99,48
2025-10-19,Organic Social,50,45,0,0.0,48
2025-10-26,Organic Social,50,43,1,84.99,49
2025-11-25,Referral,50,30,3,66.75,39
2025-12-06,Direct,50,22,1,408.0,47
2025-12-19,Direct,50,18,2,114.0,34
2026-03-23,Referral,50,26,3,0.0,43
2026-04-16,Cross-network,50,34,0,0.0,49
2026-04-28,Cross-network,50,38,1,54.99,42
2026-05-24,Cross-network,50,36,1,54.99,46
2026-05-27,Cross-network,50,34,1,49.0,45
2025-07-02,Referral,49,32,2,358.1,39
2025-07-16,Referral,49,28,0,0.0,34
2025-07-20,Paid Search,49,20,1,75.65,43
2025-07-23,Paid Search,49,22,0,0.0,46
2025-08-04,Referral,49,33,2,90.09,40
2025-08-18,Organic Social,49,38,0,0.0,48
2025-09-08,Email,49,25,1,35.49,38
2025-09-10,Email,49,30,1,99.0,36
2025-09-12,Referral,49,26,2,158.64,38
2025-09-28,Organic Social,49,42,1,51.99,49
2025-09-28,Unassigned,49,8,0,0.0,48
2025-09-29,Unassigned,49,9,1,80.1,48
2025-09-30,Referral,49,25,2,517.0,36
2025-10-02,Organic Social,49,39,0,0.0,49
2025-10-09,Unassigned,49,7,0,0.0,48
2025-10-14,Unassigned,49,4,0,0.0,48
2025-10-17,Organic Social,49,37,0,0.0,47
2025-10-30,Unassigned,49,4,0,0.0,48
2025-11-05,Organic Social,49,41,0,0.0,48
2025-11-05,Unassigned,49,4,1,79.0,48
2025-11-12,Referral,49,28,3,55.99,40
2025-12-10,Direct,49,17,0,0.0,33
2026-02-09,Organic Social,49,30,0,0.0,37
2026-02-18,Cross-network,49,32,1,89.0,44
2026-04-03,Cross-network,49,36,1,49.0,44
2026-04-12,Email,49,25,1,49.0,31
2026-05-02,Cross-network,49,38,1,49.0,43
2026-06-08,Email,49,20,2,112.99,35
2026-06-12,Email,49,34,2,120.99,27
2025-06-23,Referral,48,24,1,0.0,36
2025-06-25,Referral,48,32,3,172.1,37
2025-07-14,Paid Search,48,19,0,0.0,42
2025-07-15,Referral,48,23,4,317.1,38
2025-07-27,Paid Search,48,22,0,0.0,37
2025-08-07,Paid Search,48,20,0,0.0,37
2025-08-28,Email,48,18,0,0.0,38
2025-08-31,Paid Search,48,23,1,89.0,39
2025-09-02,Unassigned,48,10,0,0.0,47
2025-10-08,Unassigned,48,6,1,75.65,45
2025-10-10,Organic Social,48,39,0,0.0,47
2025-11-03,Unassigned,48,4,0,0.0,49
2025-11-06,Unassigned,48,4,0,0.0,48
2025-11-26,Referral,48,33,2,114.99,31
2025-12-19,Paid Social,48,9,0,0.0,43
2025-12-24,Paid Social,48,11,1,124.2,45
2025-12-31,Paid Social,48,12,1,89.0,43
2026-01-05,Organic Search,48,31,1,238.0,36
2026-02-18,Referral,48,18,1,0.0,44
2026-02-23,Referral,48,22,5,0.0,45
2026-06-10,Email,48,24,2,104.99,30
2026-06-15,Email,48,25,2,192.99,30
2025-07-21,Email,47,23,1,258.0,35
2025-07-26,Referral,47,22,0,0.0,30
2025-07-28,Referral,47,28,0,0.0,31
2025-08-09,Organic Social,47,43,1,89.0,45
2025-08-22,Unassigned,47,12,0,0.0,46
2025-08-27,Unassigned,47,6,1,114.0,44
2025-09-17,Referral,47,23,0,0.0,29
2025-09-21,Unassigned,47,12,0,0.0,45
2025-10-08,Organic Social,47,42,0,0.0,44
2025-10-31,Organic Social,47,40,0,0.0,47
2025-12-12,Paid Search,47,33,1,79.0,40
2026-02-05,Referral,47,26,0,0.0,42
2026-02-19,Referral,47,23,1,0.0,43
2026-03-05,Referral,47,23,2,0.0,40
2026-04-01,Referral,47,26,2,0.0,40
2026-04-30,Email,47,23,0,0.0,39
2026-05-31,Cross-network,47,30,2,104.99,42
2025-07-05,Unassigned,46,9,1,79.0,45
2025-07-26,Paid Search,46,23,0,0.0,35
2025-07-29,Paid Search,46,24,0,0.0,36
2025-09-09,Referral,46,24,0,0.0,33
2025-09-19,Unassigned,46,6,0,0.0,47
2025-09-27,Referral,46,28,1,0.0,35
2025-10-06,Referral,46,28,7,180.73,37
2025-11-08,Unassigned,46,7,3,660.1,46
2025-12-15,Organic Search,46,27,0,0.0,41
2026-01-30,Referral,46,23,1,0.0,42
2026-02-27,Referral,46,24,0,0.0,45
2026-04-09,Cross-network,46,36,1,168.99,40
2026-04-12,Organic Social,46,36,1,49.0,43
2026-04-18,Cross-network,46,32,3,187.0,42
2026-05-23,Email,46,23,1,31.99,34
2026-05-31,Email,46,20,0,0.0,40
2026-06-01,Email,46,21,2,148.0,30
2025-07-07,Email,45,21,1,89.0,35
2025-07-12,Unassigned,45,10,0,0.0,41
2025-07-22,Referral,45,27,0,0.0,37
2025-07-27,Unassigned,45,8,0,0.0,44
2025-07-30,Unassigned,45,6,0,0.0,45
2025-08-04,Paid Search,45,20,0,0.0,42
2025-08-06,Referral,45,25,1,189.0,34
2025-08-07,Email,45,27,1,80.1,33
2025-09-06,Referral,45,28,0,0.0,29
2025-09-10,Paid Search,45,20,0,0.0,36
2025-09-10,Referral,45,25,2,209.0,33
2025-10-20,Unassigned,45,3,0,0.0,44
2025-12-13,Paid Search,45,30,0,0.0,39
2026-02-12,Cross-network,45,32,2,98.0,43
2026-02-14,Cross-network,45,37,3,316.0,39
2026-02-17,Referral,45,15,4,0.0,43
2026-03-10,Referral,45,20,0,0.0,40
2026-04-22,Cross-network,45,35,0,0.0,43
2026-04-24,Cross-network,45,33,1,162.99,39
2026-05-19,Cross-network,45,35,3,264.89,42
2026-06-07,Cross-network,45,33,1,49.0,37
2026-06-15,Cross-network,45,32,2,202.99,39
2025-07-13,Email,44,19,1,49.09,29
2025-07-22,Paid Search,44,15,0,0.0,34
2025-07-22,Unassigned,44,12,0,0.0,43
2025-07-31,Email,44,26,1,149.0,34
2025-08-18,Referral,44,26,1,208.0,30
2025-08-20,Referral,44,23,0,0.0,33
2025-09-01,Referral,44,28,2,53.99,32
2025-09-01,Unassigned,44,1,0,0.0,43
2025-09-05,Organic Social,44,34,0,0.0,42
2025-09-13,Referral,44,25,1,89.0,31
2025-09-16,Unassigned,44,10,0,0.0,44
2025-10-01,Referral,44,21,4,149.63,33
2025-10-04,Organic Social,44,37,0,0.0,44
2025-10-07,Unassigned,44,6,0,0.0,43
2025-10-16,Unassigned,44,7,1,258.2,43
2025-10-24,Organic Social,44,33,1,129.0,42
2025-11-11,Referral,44,26,4,297.07,33
2025-11-12,Unassigned,44,5,1,152.09,44
2025-11-17,Referral,44,26,1,47.09,32
2025-11-28,Email,44,25,1,62.3,30
2026-02-06,Referral,44,22,1,0.0,36
2026-03-03,Organic Social,44,21,0,0.0,37
2026-03-30,Organic Shopping,44,23,0,0.0,29
2026-05-02,Email,44,22,1,74.99,33
2026-05-05,Email,44,18,4,1099.99,31
2026-05-14,Cross-network,44,27,0,0.0,41
2026-06-09,Cross-network,44,29,1,114.0,40
2026-06-12,Cross-network,44,30,0,0.0,35
2026-06-13,Cross-network,44,35,1,54.99,41
2025-07-03,Referral,43,26,1,0.0,35
2025-07-09,Referral,43,22,3,511.29,35
2025-07-12,Paid Search,43,21,0,0.0,38
2025-07-13,Unassigned,43,4,0,0.0,43
2025-07-24,Unassigned,43,3,0,0.0,41
2025-08-04,Email,43,24,0,0.0,27
2025-09-02,Referral,43,24,1,15.49,34
2025-09-03,Unassigned,43,12,0,0.0,41
2025-09-11,Unassigned,43,7,1,49.09,40
2025-09-16,Referral,43,20,1,318.0,27
2025-10-04,Unassigned,43,5,0,0.0,41
2025-10-22,Organic Social,43,39,0,0.0,42
2025-10-23,Organic Social,43,34,0,0.0,42
2025-11-04,Organic Social,43,36,0,0.0,42
2025-11-04,Referral,43,26,1,94.99,30
2025-11-24,Email,43,31,0,0.0,29
2026-02-07,Organic Social,43,30,0,0.0,37
2026-04-02,Cross-network,43,24,0,0.0,35
2026-05-10,Cross-network,43,31,1,49.0,34
2026-05-13,Email,43,24,1,2.99,30
2026-05-15,Email,43,20,1,49.75,36
2026-06-20,Organic Social,43,21,1,69.0,39
2025-07-17,Email,42,23,0,0.0,31
2025-07-27,Referral,42,14,1,114.0,31
2025-08-03,Paid Search,42,26,0,0.0,37
2025-09-03,Referral,42,24,2,434.93,33
2025-09-04,Referral,42,19,3,53.99,31
2025-09-11,Referral,42,24,0,0.0,28
2025-09-28,Email,42,18,0,0.0,34
2025-10-03,Unassigned,42,2,0,0.0,37
2025-12-08,Direct,42,15,1,0.0,38
2026-01-26,Referral,42,22,1,0.0,33
2026-03-24,Referral,42,22,0,0.0,37
2026-03-29,Organic Shopping,42,15,0,0.0,38
2026-05-16,Organic Social,42,25,1,49.0,30
2026-05-22,Cross-network,42,29,2,98.0,35
2026-06-06,Cross-network,42,25,2,104.99,33
2025-07-04,Email,41,20,0,0.0,33
2025-07-16,Paid Search,41,24,0,0.0,34
2025-07-23,Referral,41,25,1,189.0,33
2025-07-25,Unassigned,41,1,0,0.0,40
2025-07-31,Paid Search,41,20,0,0.0,35
2025-08-18,Unassigned,41,2,0,0.0,39
2025-09-12,Unassigned,41,7,2,130.99,40
2025-09-18,Referral,41,21,1,44.64,32
2025-09-21,Email,41,21,0,0.0,32
2025-10-06,Unassigned,41,8,1,51.99,41
2025-11-18,Unassigned,41,7,0,0.0,39
2025-12-21,Organic Search,41,27,0,0.0,31
2026-01-31,Referral,41,19,1,55.99,37
2026-03-30,Referral,41,22,3,0.0,39
2026-04-17,Cross-network,41,32,2,110.8,38
2026-05-14,Organic Social,41,24,1,49.0,35
2026-06-03,Cross-network,41,31,1,94.99,34
2026-06-04,Email,41,19,0,0.0,27
2026-06-16,Cross-network,41,29,2,80.99,36
2025-07-06,Email,40,17,0,0.0,28
2025-07-19,Paid Search,40,19,0,0.0,35
2025-07-20,Email,40,18,0,0.0,29
2025-07-21,Unassigned,40,4,0,0.0,39
2025-07-22,Email,40,23,1,69.0,28
2025-08-03,Email,40,22,0,0.0,29
2025-08-06,Paid Search,40,17,1,75.65,36
2025-08-06,Unassigned,40,7,1,53.99,40
2025-08-13,Email,40,20,0,0.0,27
2025-08-13,Paid Search,40,16,0,0.0,33
2025-08-20,Unassigned,40,6,0,0.0,40
2025-08-30,Referral,40,23,1,89.0,31
2025-09-29,Email,40,19,1,114.0,33
2025-10-06,Paid Search,40,11,0,0.0,33
2025-10-10,Referral,40,23,1,52.99,30
2025-10-30,Organic Social,40,35,0,0.0,39
2025-11-13,Unassigned,40,8,0,0.0,40
2025-11-23,Unassigned,40,2,0,0.0,39
2025-12-12,Direct,40,20,1,0.0,35
2026-01-05,Cross-network,40,24,0,0.0,35
2026-02-08,Organic Social,40,24,0,0.0,36
2026-03-03,Referral,40,18,2,0.0,38
2026-03-11,Referral,40,20,1,66.99,38
2026-04-07,Organic Shopping,40,11,0,0.0,27
2026-04-21,Organic Social,40,18,0,0.0,33
2026-04-30,Cross-network,40,33,1,59.0,37
2026-05-12,Cross-network,40,31,0,0.0,36
2026-06-18,Email,40,21,1,189.9,31
2025-07-18,Unassigned,39,5,0,0.0,39
2025-07-23,Unassigned,39,8,0,0.0,38
2025-07-28,Unassigned,39,3,0,0.0,38
2025-07-30,Paid Search,39,15,0,0.0,32
2025-08-12,Paid Search,39,20,0,0.0,36
2025-08-27,Referral,39,21,3,204.65,29
2025-08-28,Unassigned,39,7,1,79.0,38
2025-09-01,Email,39,22,0,0.0,25
2025-09-04,Unassigned,39,6,0,0.0,37
2025-09-22,Referral,39,26,2,51.99,32
2025-09-23,Unassigned,39,5,0,0.0,39
2025-10-02,Referral,39,17,0,0.0,28
2025-10-07,Referral,39,20,3,92.28,32
2025-10-18,Unassigned,39,2,0,0.0,38
2025-10-31,Referral,39,17,0,0.0,23
2025-11-02,Unassigned,39,2,0,0.0,39
2025-11-16,Unassigned,39,8,1,51.99,37
2025-11-18,Referral,39,24,2,352.0,30
2025-12-07,Cross-network,39,24,0,0.0,33
2025-12-10,Paid Search,39,27,0,0.0,30
2025-12-13,Direct,39,18,2,0.0,34
2025-12-15,Paid Search,39,29,0,0.0,34
2026-01-02,Paid Search,39,29,6,791.99,27
2026-02-20,Referral,39,23,4,52.99,34
2026-02-25,Organic Shopping,39,25,0,0.0,6
2026-03-01,Organic Social,39,18,0,0.0,33
2026-04-13,Email,39,18,2,103.8,24
2026-04-20,Email,39,16,0,0.0,29
2026-05-05,Cross-network,39,31,2,118.0,35
2026-05-13,Organic Social,39,25,1,69.0,31
2026-05-17,Cross-network,39,28,1,143.99,37
2026-06-09,Referral,39,15,3,0.0,36
2026-06-19,Cross-network,39,23,1,89.0,32
2025-06-30,Referral,38,24,2,100.0,29
2025-07-11,Email,38,23,1,89.0,30
2025-07-11,Referral,38,21,1,228.0,32
2025-08-05,Email,38,20,0,0.0,29
2025-08-09,Paid Search,38,18,0,0.0,30
2025-08-16,Paid Search,38,17,0,0.0,27
2025-08-16,Unassigned,38,7,1,89.0,37
2025-08-17,Paid Search,38,22,0,0.0,36
2025-08-19,Referral,38,14,1,0.0,28
2025-08-20,Paid Search,38,19,0,0.0,36
2025-08-29,Paid Search,38,23,1,129.0,33
2025-08-30,Email,38,18,0,0.0,23
2025-09-07,Email,38,19,0,0.0,30
2025-09-21,Paid Search,38,17,1,79.0,33
2025-09-24,Referral,38,23,0,0.0,33
2025-09-25,Paid Search,38,14,0,0.0,33
2025-09-28,Paid Search,38,19,2,151.98,33
2025-09-29,Referral,38,16,0,0.0,30
2025-09-30,Unassigned,38,5,1,308.0,37
2025-10-08,Paid Search,38,26,1,54.99,32
2025-10-12,Unassigned,38,5,0,0.0,37
2025-10-13,Unassigned,38,6,0,0.0,32
2025-10-23,Referral,38,22,2,54.99,31
2025-10-29,Unassigned,38,5,0,0.0,38
2025-11-13,Referral,38,26,1,0.0,26
2025-11-19,Referral,38,24,0,0.0,26
2025-12-13,Cross-network,38,25,0,0.0,38
2025-12-23,Paid Search,38,30,2,165.09,23
2026-01-22,Organic Social,38,24,0,0.0,35
2026-01-31,Organic Social,38,20,0,0.0,33
2026-02-06,Organic Social,38,17,0,0.0,28
2026-03-12,Referral,38,19,1,0.0,33
2026-03-29,Organic Social,38,24,0,0.0,37
2026-04-11,Organic Social,38,26,0,0.0,38
2026-05-08,Cross-network,38,28,2,103.99,35
2026-06-05,Email,38,21,1,54.99,26
2025-07-19,Email,37,22,0,0.0,31
2025-07-30,Referral,37,22,0,0.0,27
2025-08-05,Paid Search,37,15,0,0.0,33
2025-08-05,Referral,37,22,0,0.0,32
2025-08-07,Referral,37,23,2,75.65,28
2025-08-08,Referral,37,19,0,0.0,30
2025-08-08,Unassigned,37,7,0,0.0,34
2025-08-11,Referral,37,21,0,0.0,31
2025-08-21,Unassigned,37,4,0,0.0,36
2025-09-07,Unassigned,37,5,1,79.0,34
2025-09-13,Unassigned,37,11,0,0.0,37
2025-10-10,Unassigned,37,4,0,0.0,36
2025-10-13,Referral,37,20,2,0.0,33
2025-10-21,Unassigned,37,3,0,0.0,36
2025-10-25,Referral,37,21,1,134.99,22
2025-10-28,Referral,37,25,1,273.2,25
2025-11-01,Unassigned,37,2,1,258.0,37
2025-11-07,Referral,37,24,2,94.18,30
2025-11-16,Referral,37,18,0,0.0,28
2025-12-22,Organic Search,37,18,0,0.0,25
2025-12-27,Paid Search,37,28,0,0.0,30
2026-01-25,Email,37,18,0,0.0,31
2026-02-07,Referral,37,16,0,0.0,36
2026-03-18,Referral,37,15,1,0.0,30
2026-04-27,Paid Search,37,14,0,0.0,25
2026-05-20,Referral,37,18,1,0.0,35
2026-05-21,Referral,37,17,1,31.99,29
2026-05-28,Email,37,14,1,49.0,26
2026-05-29,Cross-network,37,25,1,89.0,30
2026-06-02,Email,37,17,1,104.99,27
2026-06-03,Email,37,23,2,167.0,26
2026-06-04,Referral,37,19,4,0.0,34
2026-06-14,Email,37,16,3,262.99,24
2026-06-22,Paid Social,37,0,0,0.0,34
2025-07-14,Referral,36,18,0,0.0,29
2025-07-17,Paid Search,36,16,1,49.09,32
2025-07-20,Unassigned,36,9,0,0.0,33
2025-08-01,Email,36,23,0,0.0,27
2025-08-12,Email,36,8,0,0.0,25
2025-08-28,Referral,36,27,0,0.0,31
2025-09-02,Paid Search,36,11,1,51.99,29
2025-09-11,Email,36,26,0,0.0,24
2025-09-17,Paid Search,36,18,0,0.0,28
2025-09-22,Unassigned,36,2,0,0.0,35
2025-09-26,Paid Search,36,15,0,0.0,32
2025-09-30,Email,36,15,0,0.0,28
2025-10-02,Paid Search,36,18,0,0.0,27
2025-10-16,Referral,36,23,0,0.0,27
2025-10-26,Referral,36,19,3,97.99,17
2025-11-17,Unassigned,36,6,0,0.0,36
2025-12-10,Cross-network,36,25,0,0.0,28
2025-12-17,Direct,36,9,2,0.0,32
2025-12-29,Direct,36,19,2,0.0,31
2026-02-25,Referral,36,17,3,0.0,32
2026-02-26,Referral,36,15,0,0.0,35
2026-03-15,Referral,36,11,0,0.0,34
2026-03-17,Organic Social,36,28,0,0.0,36
2026-05-03,Email,36,15,0,0.0,26
2026-05-17,Organic Social,36,24,0,0.0,33
2026-05-25,Cross-network,36,23,0,0.0,29
2026-06-07,Referral,36,8,0,0.0,34
2026-06-17,Cross-network,36,29,1,89.0,29
2025-06-26,Referral,35,16,0,0.0,27
2025-06-27,Referral,35,19,1,46.64,27
2025-07-08,Referral,35,17,0,0.0,28
2025-08-03,Referral,35,24,1,75.65,25
2025-08-26,Referral,35,24,0,0.0,27
2025-09-02,Email,35,19,1,89.0,24
2025-09-09,Email,35,15,0,0.0,30
2025-09-14,Paid Search,35,18,2,132.09,31
2025-09-23,Referral,35,20,0,0.0,27
2025-10-23,Unassigned,35,3,0,0.0,35
2025-11-19,Unassigned,35,5,0,0.0,35
2025-11-27,Referral,35,24,2,0.0,26
2025-12-22,Direct,35,12,1,0.0,26
2025-12-22,Paid Search,35,26,0,0.0,24
2025-12-29,Organic Search,35,22,1,61.99,22
2026-02-10,Organic Social,35,20,2,101.99,32
2026-02-27,Organic Social,35,21,1,69.0,29
2026-03-13,Referral,35,15,2,0.0,29
2026-04-26,Organic Social,35,21,0,0.0,31
2026-06-03,Referral,35,20,5,0.0,29
2025-07-15,Paid Search,34,16,1,80.1,32
2025-07-20,Referral,34,20,1,46.64,27
2025-08-14,Email,34,18,0,0.0,29
2025-08-15,Paid Search,34,12,0,0.0,31
2025-08-17,Unassigned,34,7,0,0.0,32
2025-08-19,Unassigned,34,4,0,0.0,34
2025-08-23,Paid Search,34,17,0,0.0,31
2025-08-23,Unassigned,34,10,0,0.0,33
2025-09-15,Referral,34,15,1,109.1,23
2025-09-19,Referral,34,18,1,0.0,25
2025-09-20,Unassigned,34,11,1,47.09,33
2025-09-28,Referral,34,14,2,174.83,30
2025-09-29,Paid Search,34,8,0,0.0,26
2025-10-05,Referral,34,17,4,293.93,28
2025-10-05,Unassigned,34,5,0,0.0,34
2025-12-14,Cross-network,34,21,1,47.09,30
2025-12-28,Paid Search,34,22,0,0.0,30
2026-03-04,Organic Social,34,17,1,69.0,30
2026-03-17,Referral,34,17,2,0.0,33
2026-04-23,Organic Social,34,22,0,0.0,31
2026-05-06,Cross-network,34,21,0,0.0,31
2026-05-12,Email,34,13,1,20.0,21
2026-05-30,Referral,34,10,1,0.0,34
2026-06-02,Referral,34,16,2,0.0,30
2026-06-20,Cross-network,34,16,1,143.99,30
2025-07-10,Email,33,14,0,0.0,27
2025-07-15,Email,33,15,0,0.0,21
2025-08-01,Paid Search,33,22,2,182.99,29
2025-08-07,Unassigned,33,2,1,238.0,33
2025-08-11,Paid Search,33,20,0,0.0,33
2025-08-18,Email,33,16,0,0.0,23
2025-08-19,Email,33,16,0,0.0,24
2025-08-25,Paid Search,33,16,0,0.0,30
2025-08-27,Paid Search,33,21,1,75.65,26
2025-10-01,Paid Search,33,16,1,50.09,27
2025-10-09,Paid Search,33,17,0,0.0,28
2025-10-19,Referral,33,20,2,75.65,24
2026-01-22,Referral,33,15,1,0.0,22
2026-01-23,Referral,33,16,1,0.0,24
2026-02-24,Organic Social,33,29,1,49.0,31
2026-03-07,Referral,33,15,0,0.0,30
2026-03-19,Organic Social,33,19,0,0.0,31
2026-05-09,Organic Social,33,20,1,49.0,25
2026-05-11,Organic Social,33,16,1,49.0,30
2026-05-15,Cross-network,33,26,0,0.0,33
2026-05-30,Organic Social,33,11,1,49.0,30
2026-06-06,Email,33,12,0,0.0,22
2026-06-14,Referral,33,11,1,0.0,32
2026-06-19,Organic Social,33,21,1,49.0,33
2025-07-14,Unassigned,32,5,0,0.0,30
2025-07-18,Email,32,23,0,0.0,23
2025-07-18,Referral,32,23,2,429.1,24
2025-08-08,Paid Search,32,9,0,0.0,24
2025-08-09,Unassigned,32,9,0,0.0,30
2025-08-14,Unassigned,32,2,0,0.0,32
2025-08-15,Unassigned,32,3,1,176.5,32
2025-08-18,Paid Search,32,16,0,0.0,29
2025-08-19,Paid Search,32,11,0,0.0,30
2025-08-22,Referral,32,20,3,53.99,25
2025-08-25,Referral,32,23,2,187.29,25
2025-08-26,Unassigned,32,2,0,0.0,31
2025-08-29,Unassigned,32,5,0,0.0,31
2025-08-30,Paid Search,32,13,0,0.0,27
2025-08-31,Referral,32,18,3,224.64,24
2025-09-09,Paid Search,32,13,1,64.0,27
2025-09-12,Email,32,13,1,125.99,23
2025-09-13,Email,32,19,0,0.0,24
2025-09-23,Paid Search,32,12,1,238.0,26
2025-09-24,Email,32,17,0,0.0,25
2025-09-24,Paid Search,32,10,0,0.0,29
2025-10-22,Referral,32,12,2,0.0,20
2025-11-05,Referral,32,17,2,0.0,21
2025-11-06,Referral,32,14,1,0.0,27
2025-11-14,Unassigned,32,3,0,0.0,32
2025-11-15,Unassigned,32,6,1,54.99,32
2025-11-21,Unassigned,32,6,0,0.0,32
2025-12-15,Cross-network,32,20,1,24.46,26
2026-01-14,Referral,32,16,1,0.0,29
2026-01-19,Referral,32,27,0,0.0,27
2026-01-26,Organic Social,32,13,0,0.0,30
2026-01-30,Organic Social,32,13,1,49.0,31
2026-02-13,Referral,32,17,1,0.0,32
2026-02-14,Referral,32,14,1,0.0,30
2026-02-21,Referral,32,14,1,0.0,31
2026-02-26,Organic Social,32,16,0,0.0,24
2026-04-07,Referral,32,15,3,55.99,31
2026-04-14,Organic Social,32,22,0,0.0,29
2026-04-22,Organic Social,32,23,1,69.0,29
2026-05-04,Cross-network,32,21,0,0.0,28
2026-05-07,Email,32,17,1,20.0,23
2026-05-09,Cross-network,32,27,2,143.99,32
2026-05-18,Cross-network,32,22,1,49.0,26
2026-05-18,Email,32,15,0,0.0,24
2026-05-31,Organic Social,32,19,2,187.0,26
2026-06-04,Cross-network,32,26,1,49.0,26
2025-07-04,Referral,31,18,0,0.0,24
2025-07-13,Paid Search,31,19,0,0.0,27
2025-08-01,Referral,31,21,3,64.0,24
2025-08-01,Unassigned,31,3,0,0.0,31
2025-08-02,Unassigned,31,4,0,0.0,30
2025-08-09,Referral,31,11,0,0.0,22
2025-08-24,Referral,31,21,2,400.99,22
2025-09-30,Paid Search,31,20,1,44.64,29
2025-10-03,Paid Search,31,11,0,0.0,21
2025-10-19,Unassigned,31,3,0,0.0,31
2025-10-27,Unassigned,31,3,0,0.0,31
2025-11-02,Referral,31,16,0,0.0,19
2025-11-22,Unassigned,31,7,1,47.09,29
2025-12-14,Direct,31,9,0,0.0,26
2025-12-16,Direct,31,9,1,0.0,30
2025-12-29,Paid Search,31,25,0,0.0,21
2026-01-20,Referral,31,15,1,0.0,22
2026-02-08,Referral,31,17,1,0.0,26
2026-02-21,Organic Social,31,18,0,0.0,28
2026-03-22,Organic Social,31,18,2,123.99,30
2026-04-07,Email,31,23,0,0.0,29
2026-04-16,Email,31,16,0,0.0,17
2026-05-07,Cross-network,31,22,0,0.0,30
2026-05-14,Referral,31,9,0,0.0,30
2026-05-16,Cross-network,31,26,0,0.0,30
2026-05-19,Referral,31,16,1,0.0,28
2026-05-21,Cross-network,31,25,0,0.0,28
2026-06-08,Cross-network,31,23,0,0.0,28
2026-06-18,Cross-network,31,24,1,34.99,27
2025-07-05,Email,30,16,1,80.1,25
2025-07-19,Referral,30,21,0,0.0,24
2025-07-19,Unassigned,30,6,0,0.0,29
2025-08-02,Referral,30,15,0,0.0,27
2025-08-08,Email,30,18,0,0.0,24
2025-08-16,Referral,30,14,0,0.0,18
2025-08-21,Paid Search,30,15,0,0.0,26
2025-08-22,Email,30,12,0,0.0,21
2025-08-25,Unassigned,30,1,0,0.0,30
2025-08-26,Paid Search,30,13,0,0.0,26
2025-09-05,Unassigned,30,7,0,0.0,30
2025-09-11,Paid Search,30,15,2,98.63,27
2025-09-13,Paid Search,30,16,1,49.09,28
2025-09-20,Paid Search,30,14,0,0.0,25
2025-09-27,Unassigned,30,7,0,0.0,28
2025-10-03,Referral,30,19,1,47.64,27
2025-10-04,Referral,30,16,2,306.15,23
2025-10-28,Unassigned,30,3,0,0.0,30
2025-11-10,Referral,30,16,1,229.1,26
2025-11-26,Email,30,15,0,0.0,22
2025-12-14,Paid Search,30,18,0,0.0,23
2025-12-21,Direct,30,12,1,0.0,27
2026-02-22,Organic Social,30,15,1,138.0,29
2026-03-14,Referral,30,14,0,0.0,29
2026-03-19,Referral,30,15,0,0.0,27
2026-03-25,Referral,30,18,2,0.0,28
2026-03-29,Referral,30,10,1,0.0,29
2026-03-30,Organic Social,30,13,1,89.0,24
2026-05-13,Referral,30,14,2,0.0,29
2026-05-17,Email,30,12,1,69.0,21
2026-05-20,Organic Social,30,18,0,0.0,28
2026-06-08,Referral,30,19,1,0.0,29
2026-06-13,Email,30,20,1,149.0,21
2026-06-13,Organic Social,30,8,0,0.0,25
2026-06-16,Email,30,17,0,0.0,21
2025-07-05,Referral,29,14,0,0.0,24
2025-07-29,Email,29,16,1,33.99,22
2025-08-10,Email,29,16,0,0.0,18
2025-08-11,Email,29,21,0,0.0,24
2025-08-30,Unassigned,29,2,0,0.0,29
2025-09-05,Referral,29,14,2,332.0,24
2025-09-15,Email,29,17,1,338.0,20
2025-09-19,Paid Search,29,13,0,0.0,24
2025-10-11,Unassigned,29,7,0,0.0,28
2025-10-15,Referral,29,18,1,80.1,23
2025-11-09,Referral,29,18,1,0.0,27
2025-11-22,Referral,29,18,1,89.0,22
2025-11-25,Email,29,15,1,72.74,25
2025-12-15,Direct,29,14,1,0.0,25
2026-01-13,Referral,29,18,1,0.0,21
2026-01-18,Organic Social,29,16,1,52.99,26
2026-02-22,Referral,29,15,0,0.0,28
2026-03-01,Referral,29,14,2,0.0,28
2026-03-08,Referral,29,12,0,0.0,29
2026-03-20,Referral,29,15,2,0.0,19
2026-03-27,Referral,29,19,1,0.0,28
2026-03-28,Referral,29,13,2,0.0,27
2026-04-20,Organic Social,29,18,0,0.0,26
2026-04-24,Email,29,15,1,2.99,18
2026-04-27,Organic Social,29,17,1,188.0,24
2026-05-03,Organic Social,29,20,0,0.0,26
2026-05-15,Organic Social,29,16,0,0.0,26
2026-05-23,Organic Social,29,16,0,0.0,22
2026-06-10,Referral,29,10,0,0.0,27
2025-07-26,Unassigned,28,1,0,0.0,28
2025-07-27,Email,28,13,0,0.0,23
2025-08-03,Unassigned,28,6,0,0.0,27
2025-08-13,Referral,28,19,1,0.0,25
2025-08-17,Referral,28,17,5,296.94,19
2025-09-03,Paid Search,28,15,0,0.0,24
2025-09-26,Referral,28,16,0,0.0,26
2025-10-10,Email,28,17,0,0.0,22
2025-10-21,Referral,28,20,1,79.0,27
2025-10-24,Referral,28,15,0,0.0,19
2025-11-29,Referral,28,12,2,127.3,22
2025-11-30,Referral,28,17,3,394.6,27
2025-12-02,Referral,28,14,0,0.0,18
2025-12-03,Referral,28,21,1,0.0,25
2025-12-20,Direct,28,9,0,0.0,19
2025-12-21,Paid Search,28,19,0,0.0,20
2025-12-23,Organic Search,28,15,0,0.0,21
2025-12-25,Paid Search,28,17,1,54.99,21
2026-01-03,Paid Search,28,20,1,49.0,19
2026-01-12,Referral,28,18,2,55.99,23
2026-02-16,Organic Social,28,15,0,0.0,27
2026-03-02,Organic Social,28,17,2,192.99,26
2026-03-22,Referral,28,12,3,0.0,25
2026-04-18,Organic Social,28,17,1,54.9,25
2026-04-26,Referral,28,11,0,0.0,28
2026-04-28,Organic Social,28,21,1,49.0,28
2026-04-29,Organic Social,28,17,0,0.0,25
2026-04-30,Referral,28,11,1,0.0,27
2026-05-04,Referral,28,13,2,0.0,25
2026-05-23,Referral,28,10,0,0.0,26
2026-06-02,Organic Social,28,12,0,0.0,24
2026-06-05,Organic Social,28,10,3,217.99,22
2026-06-12,Referral,28,18,2,114.0,26
2025-06-28,Referral,27,12,0,0.0,22
2025-07-10,Referral,27,12,3,75.65,25
2025-08-12,Referral,27,19,1,0.0,22
2025-08-14,Paid Search,27,11,0,0.0,25
2025-08-29,Referral,27,17,1,140.65,24
2025-08-31,Email,27,10,0,0.0,19
2025-09-16,Email,27,11,0,0.0,18
2025-10-25,Unassigned,27,3,0,0.0,26
2025-10-26,Unassigned,27,3,0,0.0,27
2025-11-14,Referral,27,19,1,54.99,22
2026-01-04,Direct,27,9,1,0.0,23
2026-01-21,Organic Social,27,15,0,0.0,25
2026-02-05,Organic Social,27,16,2,104.99,23
2026-02-15,Organic Social,27,16,1,69.0,24
2026-03-21,Organic Social,27,19,1,49.0,22
2026-03-21,Referral,27,12,0,0.0,24
2026-04-13,Referral,27,14,2,0.0,26
2026-05-02,Organic Social,27,13,1,54.99,26
2026-05-11,Email,27,13,1,64.0,18
2026-05-18,Organic Social,27,14,0,0.0,22
2026-05-26,Referral,27,10,0,0.0,27
2026-05-27,Organic Social,27,14,1,119.99,24
2026-06-01,Organic Social,27,14,2,103.99,25
2026-06-07,Organic Social,27,13,0,0.0,26
2026-06-09,Paid Search,27,20,1,217.0,25
2026-06-16,Referral,27,14,1,0.0,24
2025-07-06,Referral,26,13,0,0.0,22
2025-07-18,Paid Search,26,10,1,358.0,23
2025-07-23,Email,26,17,0,0.0,24
2025-08-02,Paid Search,26,13,1,106.65,26
2025-08-14,Referral,26,19,0,0.0,22
2025-08-15,Email,26,9,0,0.0,22
2025-08-21,Referral,26,17,0,0.0,24
2025-08-26,Email,26,13,2,278.0,21
2025-08-29,Email,26,9,0,0.0,15
2025-09-04,Email,26,14,0,0.0,16
2025-09-06,Unassigned,26,3,0,0.0,26
2025-10-17,Referral,26,14,3,132.08,24
2025-11-21,Referral,26,17,2,47.09,23
2025-12-11,Direct,26,11,4,89.0,25
2025-12-16,Cross-network,26,23,0,0.0,26
2025-12-16,Paid Search,26,16,1,211.3,21
2025-12-24,Organic Search,26,12,0,0.0,20
2026-01-27,Organic Social,26,10,0,0.0,15
2026-01-29,Organic Social,26,17,1,89.0,23
2026-02-11,Organic Social,26,11,2,164.99,24
2026-02-13,Organic Social,26,14,0,0.0,26
2026-02-15,Referral,26,14,0,0.0,23
2026-03-31,Referral,26,10,1,0.0,26
2026-04-02,Referral,26,16,1,54.99,26
2026-04-18,Email,26,13,0,0.0,14
2026-04-22,Referral,26,7,1,0.0,26
2026-05-10,Organic Social,26,16,1,31.99,23
2026-05-11,Cross-network,26,19,0,0.0,26
2026-05-26,Organic Social,26,15,1,69.0,22
2026-05-27,Referral,26,7,0,0.0,25
2026-06-03,Organic Social,26,13,0,0.0,20
2026-06-04,Organic Social,26,15,3,147.0,22
2026-06-10,Organic Social,26,14,1,49.0,18
2026-06-15,Organic Social,26,15,1,154.0,23
2026-06-17,Referral,26,9,0,0.0,26
2025-06-29,Referral,25,15,3,151.19,21
2025-07-12,Referral,25,21,1,75.65,22
2025-08-02,Email,25,13,0,0.0,17
2025-08-09,Email,25,12,0,0.0,22
2025-08-24,Unassigned,25,4,0,0.0,25
2025-09-08,Paid Search,25,13,0,0.0,21
2025-09-21,Referral,25,10,2,224.65,17
2025-09-22,Paid Search,25,10,0,0.0,23
2025-09-25,Email,25,15,1,51.99,15
2025-10-09,Referral,25,13,2,54.99,22
2025-10-18,Referral,25,11,1,358.0,19
2025-10-20,Referral,25,20,2,0.0,24
2025-10-24,Unassigned,25,4,0,0.0,25
2025-11-20,Unassigned,25,5,1,129.0,25
2025-12-24,Direct,25,11,1,0.0,20
2025-12-28,Direct,25,9,1,0.0,23
2026-01-01,Paid Search,25,23,1,89.0,20
2026-01-03,Direct,25,9,3,89.0,24
2026-01-04,Paid Search,25,21,0,0.0,21
2026-01-21,Referral,25,14,1,0.0,19
2026-01-23,Organic Social,25,14,0,0.0,23
2026-02-18,Organic Social,25,17,0,0.0,23
2026-02-28,Organic Social,25,15,0,0.0,21
2026-03-10,Organic Social,25,14,2,138.0,22
2026-04-16,Referral,25,14,0,0.0,25
2026-04-25,Email,25,11,1,89.0,19
2026-04-26,Paid Search,25,13,0,0.0,18
2026-05-06,Organic Social,25,16,0,0.0,22
2026-05-06,Referral,25,11,1,0.0,23
2026-05-12,Referral,25,15,1,0.0,23
2026-05-16,Referral,25,7,2,0.0,25
2026-06-08,Organic Social,25,8,0,0.0,24
2026-06-15,Referral,25,10,0,0.0,25
2026-06-17,Organic Social,25,14,1,49.0,20
2025-06-22,Referral,24,14,0,0.0,20
2025-07-25,Email,24,15,0,0.0,22
2025-08-10,Unassigned,24,3,0,0.0,23
2025-09-06,Paid Search,24,12,0,0.0,23
2025-09-22,Email,24,7,0,0.0,20
2025-10-04,Paid Search,24,11,1,79.0,19
2025-10-09,Email,24,14,0,0.0,16
2025-10-25,Organic Social,24,19,0,0.0,24
2025-11-08,Referral,24,13,1,229.1,19
2025-12-26,Direct,24,9,5,49.0,21
2025-12-27,Organic Search,24,16,2,103.99,18
2025-12-30,Direct,24,9,0,0.0,20
2025-12-30,Organic Search,24,13,1,89.0,15
2025-12-31,Paid Search,24,18,3,152.99,19
2026-01-25,Organic Social,24,9,0,0.0,21
2026-01-25,Referral,24,16,2,52.99,21
2026-01-28,Organic Social,24,17,0,0.0,22
2026-02-01,Referral,24,13,0,0.0,21
2026-02-23,Organic Social,24,15,0,0.0,23
2026-03-14,Organic Social,24,10,0,0.0,22
2026-03-20,Organic Social,24,15,0,0.0,20
2026-03-26,Organic Social,24,14,0,0.0,21
2026-04-08,Email,24,16,1,114.0,18
2026-05-05,Referral,24,16,1,0.0,22
2026-05-07,Organic Social,24,14,0,0.0,23
2026-05-09,Email,24,11,0,0.0,16
2026-05-11,Referral,24,15,5,0.0,22
2026-05-23,Organic Shopping,24,16,0,0.0,4
2026-05-31,Referral,24,12,1,118.0,22
2025-07-13,Referral,23,13,1,0.0,20
2025-07-26,Email,23,16,0,0.0,19
2025-08-15,Referral,23,17,1,89.0,18
2025-08-24,Paid Search,23,11,0,0.0,21
2025-09-03,Email,23,8,0,0.0,16
2025-09-04,Paid Search,23,11,0,0.0,23
2025-09-14,Email,23,13,0,0.0,18
2025-09-15,Paid Search,23,14,1,51.99,22
2025-10-14,Referral,23,14,3,140.65,17
2025-10-17,Unassigned,23,1,0,0.0,23
2025-11-20,Email,23,17,0,0.0,15
2025-12-27,Direct,23,8,0,0.0,20
2025-12-31,Organic Search,23,15,0,0.0,17
2026-01-02,Direct,23,10,1,0.0,23
2026-01-07,Email,23,12,0,0.0,14
2026-02-25,Organic Social,23,17,0,0.0,21
2026-02-28,Referral,23,11,0,0.0,22
2026-04-04,Referral,23,12,0,0.0,21
2026-04-14,Email,23,7,1,154.9,16
2026-04-19,Organic Social,23,17,1,49.0,23
2026-04-24,Organic Social,23,10,1,49.0,20
2026-04-27,Referral,23,10,1,0.0,22
2026-04-29,Referral,23,11,0,0.0,22
2026-05-07,Referral,23,10,0,0.0,21
2026-05-10,Email,23,9,1,89.0,16
2026-05-12,Organic Social,23,15,1,49.0,23
2026-05-15,Referral,23,15,2,0.0,21
2026-05-18,Referral,23,12,2,0.0,22
2026-05-20,Paid Search,23,16,1,49.0,18
2026-05-24,Organic Social,23,12,0,0.0,23
2026-05-28,Referral,23,12,0,0.0,23
2025-07-11,Paid Search,22,10,0,0.0,21
2025-07-24,Email,22,13,0,0.0,15
2025-08-20,Email,22,14,0,0.0,17
2025-08-24,Email,22,11,0,0.0,14
2025-09-07,Paid Search,22,10,0,0.0,20
2025-09-16,Paid Search,22,14,1,47.09,22
2025-09-23,Email,22,10,0,0.0,18
2025-10-08,Email,22,11,0,0.0,16
2025-10-28,Email,22,13,0,0.0,15
2025-11-04,Email,22,16,1,154.0,17
2025-11-20,Referral,22,13,1,0.0,18
2025-12-01,Referral,22,14,0,0.0,17
2026-01-02,Organic Search,22,9,0,0.0,14
2026-01-20,Organic Social,22,13,1,94.99,14
2026-03-07,Organic Social,22,10,0,0.0,19
2026-03-15,Organic Social,22,8,2,332.99,21
2026-04-08,Referral,22,12,1,0.0,20
2026-04-11,Referral,22,12,0,0.0,21
2026-04-16,Organic Social,22,12,0,0.0,19
2026-04-23,Referral,22,12,0,0.0,21
2026-04-28,Paid Search,22,10,0,0.0,11
2026-04-30,Paid Search,22,11,0,0.0,13
2026-05-02,Paid Search,22,14,0,0.0,16
2026-05-04,Organic Social,22,11,0,0.0,17
2026-05-06,Paid Search,22,14,0,0.0,13
2026-05-08,Email,22,7,0,0.0,17
2026-05-19,Organic Social,22,11,0,0.0,21
2026-05-29,Organic Social,22,11,1,89.0,21
2026-06-01,Referral,22,10,1,0.0,20
2026-06-06,Organic Social,22,11,1,31.99,18
2026-06-14,Organic Social,22,12,1,49.0,17
2025-08-23,Email,21,12,0,0.0,16
2025-09-20,Referral,21,10,3,53.09,18
2025-10-02,Email,21,9,0,0.0,16
2025-10-05,Paid Search,21,8,0,0.0,19
2025-10-07,Email,21,12,1,51.99,17
2025-10-15,Email,21,10,0,0.0,17
2025-12-08,Referral,21,15,2,0.0,15
2025-12-23,Direct,21,11,1,0.0,20
2025-12-25,Direct,21,7,0,0.0,19
2026-02-20,Organic Social,21,16,0,0.0,20
2026-03-16,Referral,21,12,0,0.0,20
2026-04-03,Organic Social,21,12,0,0.0,18
2026-04-04,Email,21,8,1,12.99,14
2026-04-06,Email,21,8,0,0.0,19
2026-04-06,Organic Shopping,21,11,0,0.0,20
2026-04-07,Organic Social,21,10,1,148.0,21
2026-04-10,Referral,21,10,2,0.0,20
2026-04-14,Referral,21,12,4,0.0,20
2026-04-17,Organic Social,21,14,0,0.0,18
2026-04-21,Email,21,10,1,149.0,17
2026-04-21,Referral,21,7,1,0.0,21
2026-04-24,Referral,21,11,1,0.0,19
2026-05-25,Organic Social,21,7,0,0.0,21
2026-05-28,Organic Social,21,13,1,49.0,20
2026-06-18,Referral,21,11,2,0.0,19
2026-06-19,Email,21,11,0,0.0,16
2026-06-21,Organic Social,21,2,2,138.0,20
2026-06-22,Paid Search,21,0,0,0.0,20
2025-06-22,Email,20,13,0,0.0,18
2025-06-24,Email,20,13,0,0.0,16
2025-08-22,Paid Search,20,9,1,129.0,19
2025-08-23,Referral,20,9,1,89.0,18
2025-08-25,Email,20,10,0,0.0,12
2025-09-05,Paid Search,20,11,1,89.0,19
2025-09-27,Paid Search,20,6,0,0.0,20
2025-10-04,Email,20,12,0,0.0,15
2025-10-06,Email,20,11,0,0.0,16
2025-10-14,Email,20,13,1,528.0,16
2025-11-01,Referral,20,10,2,0.0,14
2025-11-03,Email,20,11,0,0.0,16
2025-11-15,Referral,20,13,0,0.0,19
2025-12-10,Referral,20,14,1,0.0,15
2025-12-31,Direct,20,6,1,0.0,20
2026-01-07,Organic Social,20,10,0,0.0,15
2026-01-16,Referral,20,11,1,49.0,17
2026-02-12,Organic Social,20,13,0,0.0,18
2026-03-08,Organic Social,20,12,1,129.0,18
2026-04-01,Organic Shopping,20,7,0,0.0,12
2026-04-25,Paid Search,20,9,0,0.0,14
2026-04-26,Email,20,8,0,0.0,16
2026-04-28,Referral,20,8,1,0.0,16
2026-04-29,Paid Search,20,9,0,0.0,10
2026-05-01,Referral,20,10,1,0.0,19
2026-05-19,Email,20,9,1,198.0,17
2026-06-05,Referral,20,9,2,0.0,19
2025-07-12,Email,19,10,0,0.0,13
2025-07-14,Email,19,11,0,0.0,17
2025-07-28,Email,19,13,0,0.0,16
2025-10-01,Email,19,11,0,0.0,15
2025-10-12,Referral,19,12,1,0.0,14
2025-11-27,Email,19,12,0,0.0,18
2025-12-26,Organic Search,19,14,0,0.0,16
2025-12-30,Paid Search,19,15,1,49.0,16
2026-01-01,Organic Search,19,6,0,0.0,13
2026-01-03,Organic Search,19,13,1,49.0,14
2026-01-09,Referral,19,8,2,0.0,11
2026-01-10,Email,19,10,0,0.0,15
2026-01-24,Organic Social,19,6,0,0.0,18
2026-02-02,Organic Shopping,19,9,0,0.0,14
2026-02-14,Organic Social,19,11,0,0.0,18
2026-02-19,Organic Social,19,13,1,154.0,18
2026-03-12,Organic Social,19,13,0,0.0,19
2026-04-03,Referral,19,11,2,0.0,19
2026-04-06,Referral,19,7,0,0.0,17
2026-04-12,Referral,19,7,1,0.0,18
2026-04-13,Organic Social,19,15,0,0.0,19
2026-04-17,Referral,19,14,1,0.0,18
2026-04-19,Organic Shopping,19,9,1,49.0,15
2026-04-23,Paid Search,19,9,0,0.0,14
2026-04-25,Organic Social,19,10,0,0.0,17
2026-05-08,Referral,19,11,0,0.0,17
2026-05-25,Referral,19,7,2,0.0,17
2026-05-29,Referral,19,4,0,0.0,19
2026-06-11,Organic Social,19,7,0,0.0,17
2026-06-13,Referral,19,5,0,0.0,17
2026-06-20,Email,19,11,0,0.0,16
2025-08-16,Email,18,6,0,0.0,15
2025-08-21,Email,18,10,0,0.0,15
2025-09-12,Paid Search,18,8,0,0.0,17
2025-09-18,Paid Search,18,9,0,0.0,18
2025-10-11,Email,18,9,0,0.0,14
2025-10-11,Referral,18,9,0,0.0,15
2025-11-23,Referral,18,9,0,0.0,16
2026-01-03,Referral,18,10,3,477.0,12
2026-01-16,Organic Social,18,15,0,0.0,16
2026-03-11,Organic Social,18,10,0,0.0,18
2026-04-05,Organic Social,18,13,1,49.0,17
2026-04-08,Organic Shopping,18,5,0,0.0,15
2026-04-08,Organic Social,18,12,0,0.0,17
2026-04-10,Organic Social,18,13,1,54.99,18
2026-04-15,Organic Social,18,10,0,0.0,15
2026-04-28,Email,18,10,0,0.0,14
2026-05-05,Paid Search,18,9,1,119.99,7
2026-05-21,Organic Social,18,10,1,49.0,16
2026-05-22,Organic Social,18,8,0,0.0,17
2026-06-11,Referral,18,7,0,0.0,18
2025-06-23,Email,17,12,0,0.0,13
2025-09-26,Email,17,9,1,47.09,9
2025-10-05,Email,17,13,1,79.0,17
2025-10-13,Email,17,10,1,3.48,13
2025-10-16,Email,17,6,0,0.0,9
2025-10-24,Email,17,11,0,0.0,10
2025-11-05,Email,17,7,0,0.0,13
2025-11-23,Email,17,9,0,0.0,11
2025-12-04,Referral,17,12,1,0.0,15
2025-12-06,Referral,17,7,1,0.0,11
2025-12-18,Cross-network,17,9,0,0.0,13
2026-01-08,Referral,17,9,0,0.0,12
2026-01-17,Referral,17,8,1,0.0,15
2026-01-19,Organic Social,17,4,0,0.0,12
2026-02-03,Organic Shopping,17,8,0,0.0,10
2026-02-09,Organic Shopping,17,7,0,0.0,6
2026-03-23,Organic Social,17,14,0,0.0,17
2026-03-28,Organic Social,17,7,0,0.0,17
2026-04-04,Organic Social,17,10,0,0.0,14
2026-04-09,Organic Social,17,8,0,0.0,17
2026-04-09,Referral,17,6,0,0.0,17
2026-04-20,Referral,17,11,1,0.0,17
2026-05-02,Referral,17,4,0,0.0,16
2026-05-04,Paid Search,17,11,0,0.0,13
2026-05-08,Organic Social,17,12,0,0.0,16
2026-05-10,Paid Search,17,6,0,0.0,14
2026-06-16,Organic Social,17,11,0,0.0,17
2026-06-20,Referral,17,6,0,0.0,17
2025-09-17,Email,16,12,0,0.0,15
2025-10-07,Paid Search,16,7,0,0.0,16
2025-10-27,Email,16,9,0,0.0,14
2025-11-19,Email,16,4,0,0.0,16
2025-12-01,Organic Social,16,11,1,69.3,14
2025-12-09,Referral,16,11,0,0.0,12
2025-12-17,Paid Search,16,6,0,0.0,12
2025-12-19,Cross-network,16,7,0,0.0,11
2025-12-20,Cross-network,16,6,0,0.0,12
2025-12-25,Organic Search,16,9,0,0.0,13
2025-12-28,Organic Search,16,9,0,0.0,12
2025-12-29,Cross-network,16,8,0,0.0,11
2026-01-01,Direct,16,7,2,0.0,16
2026-01-03,Cross-network,16,11,1,59.0,14
2026-01-06,Referral,16,11,1,0.0,15
2026-01-07,Referral,16,9,1,0.0,15
2026-01-15,Organic Social,16,9,0,0.0,14
2026-02-05,Organic Shopping,16,5,0,0.0,9
2026-03-05,Organic Social,16,9,0,0.0,16
2026-03-24,Organic Social,16,10,1,89.0,15
2026-03-31,Organic Shopping,16,5,0,0.0,13
2026-03-31,Organic Social,16,6,0,0.0,15
2026-04-01,Organic Social,16,11,0,0.0,16
2026-04-02,Organic Social,16,8,0,0.0,15
2026-04-06,Organic Social,16,7,0,0.0,13
2026-04-09,Organic Shopping,16,8,0,0.0,12
2026-04-24,Paid Search,16,10,0,0.0,14
2026-05-22,Referral,16,7,0,0.0,16
2025-10-03,Email,15,6,1,44.64,13
2025-10-26,Email,15,7,0,0.0,13
2025-11-14,Email,15,12,1,198.0,13
2025-11-21,Email,15,11,0,0.0,12
2025-12-04,Organic Social,15,12,0,0.0,13
2025-12-18,Referral,15,9,3,0.0,10
2025-12-19,Paid Search,15,8,0,0.0,8
2025-12-24,Paid Search,15,13,0,0.0,15
2026-01-08,Email,15,9,0,0.0,12
2026-01-11,Email,15,9,0,0.0,13
2026-01-17,Organic Social,15,8,1,61.99,11
2026-02-04,Organic Shopping,15,11,1,64.0,12
2026-02-10,Organic Shopping,15,11,0,0.0,10
2026-03-03,Organic Shopping,15,8,0,0.0,7
2026-03-09,Organic Social,15,6,0,0.0,14
2026-04-15,Email,15,9,0,0.0,12
2026-04-15,Referral,15,8,1,0.0,15
2026-04-23,Email,15,8,1,119.0,13
2026-04-27,Email,15,7,0,0.0,11
2026-05-01,Organic Social,15,8,1,49.0,14
2026-05-08,Paid Search,15,7,0,0.0,13
2026-05-10,Referral,15,4,1,0.0,12
2026-06-09,Organic Social,15,10,1,49.0,14
2026-06-19,Referral,15,9,1,0.0,14
2025-10-22,Email,14,9,1,114.0,12
2025-10-29,Email,14,6,1,89.0,12
2025-10-30,Email,14,10,0,0.0,12
2025-11-16,Email,14,4,0,0.0,12
2025-11-18,Email,14,8,0,0.0,10
2025-11-27,Organic Shopping,14,6,0,0.0,11
2025-12-01,Unassigned,14,6,0,0.0,14
2025-12-17,Cross-network,14,10,0,0.0,12
2025-12-26,Paid Search,14,10,0,0.0,10
2026-01-02,Cross-network,14,12,1,49.0,11
2026-01-09,Email,14,8,0,0.0,9
2026-01-11,Referral,14,10,0,0.0,10
2026-01-18,Referral,14,8,1,52.99,13
2026-03-06,Organic Social,14,6,0,0.0,14
2026-03-13,Organic Social,14,10,0,0.0,14
2026-03-25,Organic Social,14,10,1,54.99,13
2026-04-30,Organic Social,14,6,0,0.0,13
2026-05-15,Paid Search,14,9,0,0.0,13
2026-05-17,Referral,14,4,0,0.0,14
2026-05-21,Paid Search,14,9,1,31.99,8
2026-05-24,Referral,14,5,1,0.0,14
2025-08-10,Referral,13,7,0,0.0,11
2025-09-27,Organic Shopping,13,4,0,0.0,6
2025-10-06,Organic Shopping,13,8,0,0.0,8
2025-10-12,Email,13,4,0,0.0,8
2025-11-10,Email,13,9,0,0.0,12
2025-11-12,Email,13,12,0,0.0,12
2025-11-13,Email,13,9,0,0.0,12
2025-11-22,Email,13,7,0,0.0,10
2025-12-07,Referral,13,5,0,0.0,8
2025-12-11,Referral,13,9,1,0.0,11
2026-01-13,Email,13,6,0,0.0,11
2026-01-13,Organic Social,13,11,0,0.0,11
2026-03-16,Organic Social,13,8,1,49.0,12
2026-04-02,Organic Shopping,13,6,0,0.0,7
2026-04-05,Referral,13,4,1,0.0,13
2026-04-29,Organic Shopping,13,11,0,0.0,13
2026-05-01,Paid Search,13,4,1,49.0,7
2026-05-03,Referral,13,5,1,0.0,13
2026-05-19,Paid Search,13,6,0,0.0,11
2026-06-12,Organic Social,13,6,0,0.0,11
2025-11-07,Email,12,6,0,0.0,11
2025-11-15,Email,12,8,0,0.0,10
2025-12-01,Email,12,7,0,0.0,11
2025-12-02,Organic Social,12,6,0,0.0,10
2025-12-03,Email,12,7,0,0.0,9
2025-12-07,Email,12,7,0,0.0,10
2025-12-12,Referral,12,8,2,0.0,11
2025-12-18,Paid Search,12,6,1,193.1,7
2025-12-20,Paid Search,12,8,0,0.0,8
2026-01-09,Organic Social,12,5,0,0.0,10
2026-01-12,Organic Social,12,7,0,0.0,12
2026-02-01,Organic Shopping,12,10,0,0.0,10
2026-02-06,Organic Shopping,12,8,0,0.0,7
2026-02-17,Organic Social,12,8,0,0.0,9
2026-03-02,Organic Shopping,12,4,0,0.0,9
2026-04-25,Referral,12,5,0,0.0,12
2026-05-09,Referral,12,7,1,0.0,11
2026-06-18,Organic Social,12,6,0,0.0,9
2026-06-21,Referral,12,1,0,0.0,11
2025-10-25,Email,11,7,0,0.0,4
2025-11-17,Email,11,6,0,0.0,10
2025-11-30,Email,11,8,0,0.0,10
2025-11-30,Organic Shopping,11,9,0,0.0,9
2025-12-29,Referral,11,7,1,0.0,8
2026-01-04,Organic Search,11,8,0,0.0,7
2026-01-05,Referral,11,8,0,0.0,9
2026-01-11,Organic Social,11,6,0,0.0,11
2026-01-21,Organic Shopping,11,9,0,0.0,10
2026-03-13,Organic Shopping,11,9,0,0.0,10
2026-03-27,Organic Social,11,6,0,0.0,10
2026-04-10,Organic Shopping,11,4,0,0.0,10
2026-04-20,Organic Shopping,11,6,0,0.0,7
2026-04-22,Email,11,3,0,0.0,10
2026-05-03,Paid Search,11,6,1,49.0,8
2026-05-05,Organic Social,11,7,1,89.0,5
2026-05-09,Paid Search,11,8,0,0.0,9
2026-05-12,Paid Search,11,5,0,0.0,8
2025-10-17,Email,10,8,0,0.0,9
2025-10-18,Email,10,8,0,0.0,8
2025-10-19,Email,10,5,0,0.0,9
2025-10-21,Email,10,8,0,0.0,8
2025-10-23,Email,10,8,1,199.0,10
2025-10-31,Email,10,5,0,0.0,9
2025-11-01,Email,10,6,0,0.0,9
2025-11-02,Email,10,9,0,0.0,8
2025-11-11,Email,10,7,0,0.0,9
2025-11-28,Organic Shopping,10,4,0,0.0,8
2025-12-05,Organic Social,10,8,0,0.0,9
2025-12-22,Referral,10,6,0,0.0,9
2025-12-23,Cross-network,10,7,0,0.0,9
2026-01-06,Organic Shopping,10,4,0,0.0,7
2026-01-14,Email,10,5,1,148.0,10
2026-01-15,Referral,10,8,0,0.0,8
2026-02-11,Organic Shopping,10,5,0,0.0,8
2026-04-17,Email,10,2,0,0.0,7
2026-06-06,Referral,10,5,1,0.0,10
2025-08-17,Email,9,6,0,0.0,8
2025-08-21,Organic Video,9,8,0,0.0,8
2025-10-13,Organic Shopping,9,6,0,0.0,6
2025-10-20,Email,9,6,0,0.0,6
2025-10-27,Organic Shopping,9,7,0,0.0,6
2025-10-28,Organic Shopping,9,5,0,0.0,3
2025-10-29,Organic Shopping,9,7,0,0.0,5
2025-11-29,Email,9,3,0,0.0,6
2025-11-29,Organic Shopping,9,7,0,0.0,8
2025-12-02,Unassigned,9,3,0,0.0,8
2025-12-04,Email,9,6,0,0.0,6
2025-12-05,Referral,9,6,1,0.0,7
2025-12-10,Organic Social,9,6,0,0.0,9
2025-12-13,Referral,9,5,0,0.0,8
2025-12-16,Referral,9,6,0,0.0,7
2025-12-22,Cross-network,9,6,0,0.0,7
2025-12-23,Referral,9,3,0,0.0,7
2025-12-28,Cross-network,9,5,0,0.0,8
2025-12-30,Cross-network,9,7,1,49.0,7
2025-12-30,Referral,9,5,1,0.0,9
2026-01-03,Organic Social,9,8,0,0.0,8
2026-01-10,Organic Social,9,7,0,0.0,9
2026-01-10,Referral,9,7,0,0.0,8
2026-01-20,Organic Shopping,9,7,0,0.0,6
2026-01-23,Organic Shopping,9,4,0,0.0,7
2026-01-24,Referral,9,5,1,0.0,7
2026-01-28,Organic Shopping,9,3,0,0.0,8
2026-02-12,Organic Shopping,9,3,0,0.0,4
2026-04-13,Organic Shopping,9,4,0,0.0,7
2026-04-18,Referral,9,1,0,0.0,9
2026-05-07,Paid Search,9,8,1,69.0,6
2026-05-14,Paid Search,9,5,0,0.0,7
2026-05-17,Paid Search,9,4,0,0.0,7
2026-05-20,Organic Shopping,9,3,0,0.0,8
2026-05-23,Paid Search,9,5,0,0.0,8
2026-06-02,Organic Shopping,9,5,0,0.0,4
2025-07-18,Organic Shopping,8,3,0,0.0,4
2025-07-29,Organic Shopping,8,4,0,0.0,8
2025-10-14,Organic Shopping,8,6,0,0.0,4
2025-11-12,Organic Shopping,8,5,0,0.0,4
2025-11-13,Organic Shopping,8,7,0,0.0,5
2025-11-14,Organic Shopping,8,5,0,0.0,5
2025-11-16,Organic Shopping,8,2,0,0.0,5
2025-11-17,Organic Shopping,8,5,0,0.0,7
2025-11-24,Organic Shopping,8,5,0,0.0,7
2025-12-02,Email,8,4,1,39.39,6
2025-12-08,Organic Shopping,8,6,0,0.0,2
2025-12-09,Organic Shopping,8,5,0,0.0,3
2025-12-14,Organic Social,8,3,0,0.0,8
2025-12-19,Referral,8,5,1,0.0,6
2025-12-20,Referral,8,2,1,0.0,6
2025-12-21,Cross-network,8,5,0,0.0,8
2025-12-24,Organic Social,8,2,0,0.0,5
2025-12-25,Cross-network,8,6,2,211.59,7
2025-12-26,Cross-network,8,4,0,0.0,8
2025-12-26,Organic Social,8,4,0,0.0,7
2025-12-27,Cross-network,8,5,0,0.0,8
2025-12-31,Cross-network,8,7,1,114.0,8
2026-01-04,Cross-network,8,4,0,0.0,8
2026-01-06,Organic Social,8,6,0,0.0,8
2026-01-08,Organic Social,8,6,0,0.0,7
2026-01-15,Organic Shopping,8,6,0,0.0,3
2026-01-19,Organic Shopping,8,4,0,0.0,7
2026-01-22,Organic Shopping,8,5,0,0.0,6
2026-02-26,Organic Shopping,8,5,0,0.0,8
2026-04-21,Organic Shopping,8,5,0,0.0,6
2026-05-04,Organic Shopping,8,4,1,89.0,7
2026-05-16,Paid Search,8,4,0,0.0,7
2026-05-28,Paid Search,8,7,0,0.0,7
2026-05-31,Paid Search,8,3,1,55.99,7
2026-06-22,Organic Social,8,0,0,0.0,8
2025-06-30,Organic Shopping,7,3,0,0.0,7
2025-08-22,Organic Video,7,6,0,0.0,6
2025-10-20,Organic Shopping,7,5,0,0.0,5
2025-11-03,Organic Shopping,7,4,0,0.0,4
2025-11-04,Organic Shopping,7,6,0,0.0,4
2025-12-17,Email,7,7,0,0.0,4
2025-12-17,Referral,7,2,0,0.0,5
2025-12-31,Referral,7,2,0,0.0,7
2026-01-02,Referral,7,4,0,0.0,6
2026-01-07,Organic Shopping,7,4,0,0.0,7
2026-01-10,Organic Shopping,7,1,0,0.0,6
2026-01-12,Email,7,3,0,0.0,7
2026-01-12,Organic Shopping,7,4,0,0.0,5
2026-03-04,Organic Shopping,7,2,0,0.0,6
2026-03-18,Organic Shopping,7,6,0,0.0,7
2026-04-11,Organic Shopping,7,2,0,0.0,6
2026-04-12,Organic Shopping,7,7,1,95.9,5
2026-04-15,Organic Shopping,7,5,0,0.0,4
2026-05-13,Paid Search,7,4,0,0.0,6
2026-05-14,Organic Shopping,7,5,1,51.9,7
2026-05-22,Organic Shopping,7,6,0,0.0,5
2026-05-25,Paid Search,7,5,0,0.0,7
2026-05-26,Paid Search,7,4,0,0.0,7
2026-06-04,Paid Search,7,5,1,89.0,6
2026-06-12,AI Assistant,7,4,0,0.0,6
2025-07-08,Organic Shopping,6,4,0,0.0,4
2025-10-01,Organic Shopping,6,3,0,0.0,3
2025-10-02,Organic Shopping,6,5,0,0.0,2
2025-10-15,Organic Shopping,6,5,0,0.0,3
2025-10-30,Organic Shopping,6,2,0,0.0,2
2025-11-08,Organic Shopping,6,2,0,0.0,5
2025-12-03,Unassigned,6,1,0,0.0,5
2025-12-05,Organic Shopping,6,4,0,0.0,3
2025-12-06,Email,6,3,0,0.0,4
2025-12-06,Organic Social,6,4,0,0.0,6
2025-12-07,Organic Social,6,4,0,0.0,5
2025-12-08,Organic Social,6,4,0,0.0,6
2025-12-10,Email,6,5,0,0.0,3
2025-12-16,Organic Social,6,4,0,0.0,5
2025-12-24,Referral,6,3,1,0.0,6
2025-12-25,Referral,6,3,2,0.0,5
2026-01-01,Cross-network,6,4,0,0.0,5
2026-01-26,Organic Shopping,6,4,0,0.0,5
2026-01-29,Organic Shopping,6,4,0,0.0,6
2026-02-18,Organic Shopping,6,1,0,0.0,5
2026-02-27,Organic Shopping,6,4,0,0.0,5
2026-03-07,Organic Shopping,6,3,0,0.0,5
2026-03-15,Organic Shopping,6,3,0,0.0,4
2026-03-17,Organic Shopping,6,2,0,0.0,6
2026-03-19,Organic Shopping,6,3,0,0.0,6
2026-04-16,Organic Shopping,6,5,0,0.0,5
2026-04-19,Referral,6,4,1,0.0,6
2026-04-22,Organic Shopping,6,5,0,0.0,2
2026-04-30,Organic Shopping,6,5,0,0.0,4
2026-05-19,Organic Shopping,6,5,0,0.0,5
2026-05-21,Organic Shopping,6,2,0,0.0,4
2026-05-27,Paid Search,6,1,0,0.0,4
2026-05-30,Organic Shopping,6,4,0,0.0,6
2026-05-30,Paid Search,6,5,0,0.0,6
2026-06-02,Paid Search,6,4,0,0.0,5
2026-06-03,Organic Shopping,6,4,0,0.0,1
2026-06-07,Paid Search,6,2,0,0.0,5
2026-06-13,Organic Shopping,6,1,0,0.0,4
2025-07-11,Organic Shopping,5,3,0,0.0,4
2025-07-13,Organic Shopping,5,3,0,0.0,5
2025-07-20,Organic Shopping,5,2,0,0.0,4
2025-07-28,Organic Shopping,5,4,0,0.0,2
2025-08-25,Organic Video,5,4,0,0.0,5
2025-09-15,Organic Shopping,5,5,0,0.0,4
2025-11-05,Organic Shopping,5,2,0,0.0,3
2025-11-06,Email,5,5,0,0.0,5
2025-11-11,Organic Shopping,5,5,0,0.0,5
2025-11-18,Organic Shopping,5,4,0,0.0,4
2025-11-19,Organic Shopping,5,4,0,0.0,5
2025-11-21,Organic Shopping,5,4,0,0.0,4
2025-11-26,Organic Shopping,5,4,0,0.0,3
2025-12-03,Organic Shopping,5,4,0,0.0,1
2025-12-05,Email,5,2,0,0.0,4
2025-12-06,Organic Shopping,5,2,0,0.0,2
2025-12-11,Organic Shopping,5,3,0,0.0,2
2025-12-11,Organic Social,5,4,0,0.0,5
2025-12-12,Email,5,2,0,0.0,5
2025-12-12,Organic Social,5,3,0,0.0,3
2025-12-14,Unassigned,5,1,0,0.0,3
2025-12-15,Organic Shopping,5,5,0,0.0,1
2025-12-15,Referral,5,3,0,0.0,4
2025-12-17,Organic Shopping,5,5,0,0.0,1
2025-12-20,Organic Social,5,5,0,0.0,5
2025-12-21,Referral,5,4,0,0.0,4
2025-12-22,Organic Shopping,5,2,0,0.0,2
2025-12-27,Referral,5,2,0,0.0,5
2026-01-01,Organic Social,5,5,0,0.0,4
2026-01-04,Organic Social,5,4,0,0.0,4
2026-01-04,Referral,5,3,1,0.0,5
2026-01-05,Organic Social,5,4,0,0.0,4
2026-01-08,Organic Shopping,5,2,0,0.0,5
2026-01-14,Organic Social,5,3,0,0.0,5
2026-01-30,Organic Shopping,5,2,0,0.0,4
2026-02-24,Organic Shopping,5,3,0,0.0,5
2026-02-28,Organic Shopping,5,3,0,0.0,3
2026-03-06,Organic Shopping,5,3,0,0.0,5
2026-03-23,Organic Shopping,5,3,0,0.0,4
2026-03-25,Organic Shopping,5,3,0,0.0,5
2026-03-27,Organic Shopping,5,3,0,0.0,2
2026-04-03,Organic Shopping,5,3,0,0.0,3
2026-04-17,Organic Shopping,5,0,0,0.0,3
2026-04-18,Organic Shopping,5,4,0,0.0,5
2026-05-08,Organic Shopping,5,4,0,0.0,4
2026-05-11,Paid Search,5,2,0,0.0,5
2026-05-18,Paid Search,5,4,0,0.0,4
2026-05-22,Paid Search,5,2,0,0.0,5
2026-05-24,Organic Shopping,5,3,0,0.0,5
2026-06-03,Paid Search,5,2,0,0.0,3
2026-06-04,Organic Shopping,5,3,0,0.0,2
2026-06-05,Organic Shopping,5,3,2,203.0,3
2026-06-08,Paid Search,5,5,1,49.0,4
2026-06-17,Organic Shopping,5,3,0,0.0,5
2025-06-23,Organic Shopping,4,4,0,0.0,4
2025-06-29,Organic Shopping,4,2,0,0.0,3
2025-07-03,Organic Shopping,4,2,0,0.0,4
2025-07-08,Organic Video,4,2,0,0.0,3
2025-07-30,Organic Shopping,4,3,0,0.0,3
2025-08-14,Organic Shopping,4,4,0,0.0,4
2025-08-19,Organic Video,4,3,0,0.0,3
2025-08-23,Organic Video,4,4,0,0.0,4
2025-08-24,Organic Shopping,4,2,0,0.0,4
2025-08-26,Organic Video,4,2,1,80.1,3
2025-08-30,Organic Video,4,3,0,0.0,3
2025-08-31,Organic Shopping,4,2,0,0.0,3
2025-09-05,Organic Shopping,4,1,0,0.0,2
2025-09-09,Organic Shopping,4,4,0,0.0,3
2025-09-21,Organic Shopping,4,3,0,0.0,4
2025-09-25,Organic Shopping,4,2,0,0.0,4
2025-09-28,Organic Shopping,4,2,0,0.0,3
2025-09-30,Organic Shopping,4,2,0,0.0,3
2025-10-05,Organic Shopping,4,1,0,0.0,4
2025-10-16,Organic Shopping,4,3,0,0.0,4
2025-10-17,Organic Shopping,4,1,0,0.0,4
2025-10-23,Organic Shopping,4,2,0,0.0,1
2025-11-07,Organic Video,4,2,0,0.0,2
2025-11-08,Email,4,3,0,0.0,4
2025-11-09,Organic Shopping,4,3,0,0.0,4
2025-11-10,Organic Shopping,4,4,0,0.0,2
2025-11-15,Organic Shopping,4,2,0,0.0,4
2025-11-20,Organic Shopping,4,1,0,0.0,2
2025-12-01,Organic Shopping,4,3,0,0.0,3
2025-12-09,Email,4,2,0,0.0,3
2025-12-09,Organic Social,4,2,0,0.0,4
2025-12-10,Organic Shopping,4,2,0,0.0,1
2025-12-14,Email,4,2,0,0.0,3
2025-12-15,Email,4,4,0,0.0,2
2025-12-18,Organic Shopping,4,3,0,0.0,2
2025-12-19,Email,4,4,0,0.0,3
2025-12-19,Organic Shopping,4,2,0,0.0,3
2025-12-24,Cross-network,4,4,0,0.0,4
2025-12-26,Referral,4,2,0,0.0,4
2025-12-28,Referral,4,3,1,89.0,4
2026-01-01,Referral,4,2,0,0.0,4
2026-01-09,Organic Shopping,4,2,0,0.0,3
2026-01-13,Organic Shopping,4,1,0,0.0,2
2026-01-16,Organic Shopping,4,2,0,0.0,4
2026-02-08,Organic Shopping,4,0,0,0.0,3
2026-02-16,Organic Shopping,4,2,0,0.0,4
2026-03-24,Organic Shopping,4,3,0,0.0,3
2026-04-12,Paid Other,4,0,0,0.0,4
2026-04-23,Organic Shopping,4,2,0,0.0,4
2026-04-24,Organic Shopping,4,1,0,0.0,3
2026-05-01,Organic Shopping,4,3,0,0.0,4
2026-05-10,Organic Shopping,4,3,0,0.0,4
2026-05-11,Organic Shopping,4,2,0,0.0,3
2026-05-13,Organic Shopping,4,1,0,0.0,4
2026-05-15,Organic Shopping,4,3,0,0.0,4
2026-05-29,Paid Search,4,3,1,75.9,4
2026-06-01,Paid Search,4,1,0,0.0,4
2026-06-06,Organic Shopping,4,2,0,0.0,3
2026-06-11,AI Assistant,4,1,0,0.0,4
2026-06-13,AI Assistant,4,3,0,0.0,4
2026-06-20,Organic Shopping,4,3,0,0.0,3
2025-06-25,Organic Shopping,3,2,0,0.0,3
2025-06-26,Organic Shopping,3,2,0,0.0,3
2025-06-28,Organic Shopping,3,2,0,0.0,3
2025-06-29,Organic Video,3,2,0,0.0,1
2025-07-07,Organic Shopping,3,2,0,0.0,3
2025-07-07,Organic Video,3,3,0,0.0,3
2025-07-14,Organic Shopping,3,2,0,0.0,3
2025-07-17,Organic Video,3,1,0,0.0,3
2025-07-18,Organic Video,3,1,0,0.0,3
2025-07-19,Organic Shopping,3,3,0,0.0,3
2025-07-19,Organic Video,3,2,0,0.0,3
2025-07-24,Organic Shopping,3,2,0,0.0,3
2025-07-25,Organic Shopping,3,1,0,0.0,3
2025-07-26,Organic Shopping,3,1,0,0.0,3
2025-07-31,Organic Shopping,3,1,0,0.0,3
2025-08-01,Organic Shopping,3,3,0,0.0,3
2025-08-06,Organic Shopping,3,3,0,0.0,3
2025-08-14,Organic Video,3,2,0,0.0,2
2025-08-20,Organic Video,3,3,0,0.0,3
2025-08-23,Organic Shopping,3,1,0,0.0,3
2025-08-25,Organic Shopping,3,1,0,0.0,2
2025-09-03,Organic Shopping,3,1,0,0.0,3
2025-09-07,Organic Video,3,2,0,0.0,3
2025-09-10,Organic Shopping,3,1,0,0.0,2
2025-09-11,Organic Shopping,3,3,0,0.0,2
2025-09-12,Organic Shopping,3,3,0,0.0,3
2025-09-13,Organic Shopping,3,3,0,0.0,3
2025-09-14,Organic Shopping,3,1,0,0.0,3
2025-09-22,Organic Shopping,3,1,0,0.0,3
2025-10-03,Organic Shopping,3,2,0,0.0,3
2025-12-03,Organic Social,3,2,0,0.0,3
2025-12-05,Unassigned,3,1,0,0.0,3
2025-12-07,Unassigned,3,1,0,0.0,3
2025-12-09,Unassigned,3,0,0,0.0,3
2025-12-11,Unassigned,3,1,0,0.0,3
2025-12-13,Email,3,1,0,0.0,1
2025-12-13,Organic Social,3,1,0,0.0,3
2025-12-14,Referral,3,1,0,0.0,3
2025-12-18,Organic Social,3,2,0,0.0,3
2025-12-19,Organic Social,3,3,0,0.0,3
2025-12-19,Unassigned,3,1,0,0.0,3
2025-12-20,Unassigned,3,2,0,0.0,2
2025-12-21,Email,3,2,0,0.0,1
2025-12-21,Organic Social,3,3,0,0.0,3
2025-12-21,Unassigned,3,1,0,0.0,3
2025-12-22,Email,3,3,0,0.0,1
2025-12-23,Organic Social,3,1,0,0.0,3
2025-12-25,Email,3,1,0,0.0,2
2025-12-25,Unassigned,3,1,0,0.0,2
2025-12-29,Email,3,3,0,0.0,2
2025-12-30,Email,3,0,0,0.0,2
2025-12-30,Organic Social,3,3,0,0.0,3
2025-12-31,Email,3,2,0,0.0,3
2026-01-11,Organic Shopping,3,2,0,0.0,3
2026-01-17,Organic Shopping,3,2,0,0.0,3
2026-01-27,Organic Shopping,3,1,0,0.0,3
2026-02-17,Organic Shopping,3,2,0,0.0,2
2026-02-19,Organic Shopping,3,0,0,0.0,2
2026-03-05,Organic Shopping,3,0,0,0.0,3
2026-03-28,Organic Shopping,3,2,0,0.0,3
2026-05-05,Organic Shopping,3,3,0,0.0,3
2026-05-17,Organic Shopping,3,3,0,0.0,3
2026-05-18,Organic Shopping,3,2,0,0.0,2
2026-05-27,Organic Shopping,3,2,0,0.0,3
2026-06-05,Paid Search,3,1,0,0.0,3
2026-06-10,Organic Shopping,3,1,0,0.0,3
2026-06-14,Organic Shopping,3,2,0,0.0,3
2026-06-15,AI Assistant,3,2,0,0.0,3
2026-06-15,Organic Shopping,3,2,0,0.0,2
2026-06-18,AI Assistant,3,2,0,0.0,3
2026-06-19,AI Assistant,3,2,0,0.0,2
2026-06-20,AI Assistant,3,3,0,0.0,3
2026-06-22,Email,3,0,0,0.0,3
2026-06-22,Referral,3,0,0,0.0,3
2025-06-24,Organic Shopping,2,1,0,0.0,2
2025-07-05,Organic Shopping,2,2,0,0.0,2
2025-07-06,Organic Video,2,2,0,0.0,2
2025-07-12,Organic Shopping,2,1,0,0.0,2
2025-07-15,Organic Video,2,2,0,0.0,2
2025-07-16,Organic Shopping,2,2,0,0.0,2
2025-07-21,Organic Shopping,2,2,0,0.0,2
2025-07-23,Organic Shopping,2,1,0,0.0,2
2025-07-27,Organic Shopping,2,1,0,0.0,2
2025-08-03,Organic Video,2,2,0,0.0,1
2025-08-07,Organic Shopping,2,2,0,0.0,2
2025-08-08,Organic Shopping,2,2,0,0.0,2
2025-08-10,Organic Shopping,2,0,0,0.0,2
2025-08-12,Organic Shopping,2,0,0,0.0,2
2025-08-19,Organic Shopping,2,2,0,0.0,2
2025-08-20,Organic Shopping,2,2,0,0.0,1
2025-08-27,Organic Shopping,2,2,0,0.0,2
2025-08-29,Organic Shopping,2,2,0,0.0,2
2025-08-29,Organic Video,2,1,0,0.0,2
2025-08-31,Organic Video,2,1,0,0.0,1
2025-09-02,Organic Shopping,2,1,0,0.0,2
2025-09-04,Organic Shopping,2,1,0,0.0,2
2025-09-06,Organic Shopping,2,1,0,0.0,2
2025-09-08,Organic Shopping,2,2,0,0.0,2
2025-09-10,Organic Video,2,1,0,0.0,1
2025-09-25,Organic Video,2,1,0,0.0,2
2025-09-29,Organic Shopping,2,1,0,0.0,2
2025-10-04,Organic Shopping,2,1,0,0.0,2
2025-10-10,Organic Shopping,2,1,0,0.0,2
2025-10-16,Organic Video,2,2,0,0.0,1
2025-10-18,Organic Shopping,2,2,0,0.0,2
2025-10-20,Organic Video,2,1,0,0.0,1
2025-10-21,Organic Shopping,2,2,0,0.0,2
2025-10-22,Organic Shopping,2,0,0,0.0,2
2025-10-22,Organic Video,2,1,0,0.0,2
2025-10-24,Organic Shopping,2,1,0,0.0,2
2025-10-25,Organic Shopping,2,1,0,0.0,2
2025-10-29,Organic Video,2,1,0,0.0,2
2025-11-01,Organic Shopping,2,0,0,0.0,1
2025-11-02,Organic Shopping,2,2,0,0.0,2
2025-11-04,Organic Video,2,2,0,0.0,1
2025-11-07,Organic Shopping,2,1,0,0.0,2
2025-11-18,Organic Video,2,2,0,0.0,2
2025-11-22,Organic Shopping,2,1,0,0.0,2
2025-11-22,Organic Video,2,2,0,0.0,2
2025-11-25,Organic Shopping,2,2,0,0.0,2
2025-11-29,Organic Video,2,2,0,0.0,2
2025-12-04,Organic Shopping,2,1,0,0.0,1
2025-12-08,Email,2,1,0,0.0,2
2025-12-11,Email,2,1,0,0.0,2
2025-12-12,Unassigned,2,1,0,0.0,2
2025-12-13,Unassigned,2,0,0,0.0,1
2025-12-15,Organic Social,2,0,0,0.0,2
2025-12-15,Unassigned,2,0,0,0.0,2
2025-12-17,Organic Social,2,2,0,0.0,2
2025-12-18,Email,2,1,0,0.0,2
2025-12-22,Organic Social,2,2,0,0.0,2
2025-12-23,Email,2,2,0,0.0,2
2025-12-27,Organic Social,2,0,0,0.0,2
2025-12-27,Unassigned,2,2,0,0.0,2
2025-12-29,Organic Social,2,2,0,0.0,2
2025-12-30,Organic Shopping,2,2,0,0.0,1
2025-12-30,Unassigned,2,0,0,0.0,1
2026-01-02,Email,2,0,0,0.0,2
2026-01-03,Unassigned,2,2,1,49.0,2
2026-01-06,Email,2,0,0,0.0,2
2026-01-14,Organic Shopping,2,1,0,0.0,2
2026-01-24,Organic Shopping,2,1,0,0.0,2
2026-02-07,Organic Shopping,2,0,0,0.0,2
2026-02-13,Organic Shopping,2,1,0,0.0,2
2026-02-20,Organic Shopping,2,0,0,0.0,2
2026-02-23,Organic Shopping,2,0,0,0.0,2
2026-03-01,Organic Shopping,2,1,0,0.0,2
2026-03-11,Organic Shopping,2,1,0,0.0,2
2026-03-16,Organic Shopping,2,1,0,0.0,2
2026-03-20,Organic Shopping,2,0,0,0.0,2
2026-03-26,Organic Shopping,2,2,0,0.0,2
2026-04-04,Organic Shopping,2,1,0,0.0,2
2026-04-14,Organic Shopping,2,0,0,0.0,2
2026-04-25,Paid Other,2,1,0,0.0,1
2026-04-26,Paid Other,2,1,0,0.0,2
2026-04-28,Organic Shopping,2,2,0,0.0,2
2026-05-02,Organic Shopping,2,2,0,0.0,2
2026-05-02,Paid Other,2,1,0,0.0,1
2026-05-04,Paid Other,2,0,0,0.0,2
2026-05-06,Organic Shopping,2,2,0,0.0,2
2026-05-09,Paid Other,2,1,0,0.0,2
2026-05-12,Organic Shopping,2,2,1,49.0,2
2026-05-16,Organic Shopping,2,2,0,0.0,2
2026-05-26,Organic Shopping,2,0,0,0.0,2
2026-05-29,Paid Other,2,2,0,0.0,2
2026-05-31,Organic Shopping,2,2,0,0.0,1
2026-06-01,Organic Shopping,2,0,0,0.0,2
2026-06-09,Organic Shopping,2,0,0,0.0,2
2026-06-10,AI Assistant,2,1,0,0.0,2
2026-06-12,Organic Shopping,2,1,0,0.0,2
2026-06-14,AI Assistant,2,2,0,0.0,2
2026-06-17,AI Assistant,2,1,0,0.0,2
2026-06-19,Organic Shopping,2,2,0,0.0,1
2026-06-21,Organic Shopping,2,0,0,0.0,2
2025-06-30,Organic Video,1,0,0,0.0,1
2025-07-01,Organic Shopping,1,0,0,0.0,1
2025-07-02,Organic Shopping,1,0,0,0.0,1
2025-07-04,Organic Shopping,1,0,0,0.0,1
2025-07-06,Organic Shopping,1,0,0,0.0,1
2025-07-09,Organic Shopping,1,0,0,0.0,1
2025-07-10,Organic Shopping,1,0,0,0.0,1
2025-07-14,Organic Video,1,1,0,0.0,1
2025-07-16,Organic Video,1,0,0,0.0,1
2025-07-17,Organic Shopping,1,1,0,0.0,1
2025-07-22,Organic Shopping,1,1,0,0.0,1
2025-07-24,Organic Video,1,1,0,0.0,1
2025-07-27,Organic Video,1,1,0,0.0,1
2025-07-29,Organic Video,1,1,0,0.0,1
2025-07-31,Organic Video,1,0,0,0.0,1
2025-08-02,Organic Shopping,1,0,0,0.0,1
2025-08-03,Organic Shopping,1,1,0,0.0,1
2025-08-05,Organic Video,1,1,0,0.0,1
2025-08-06,Organic Video,1,1,0,0.0,1
2025-08-08,Organic Video,1,1,0,0.0,1
2025-08-11,Organic Shopping,1,0,0,0.0,1
2025-08-11,Organic Video,1,1,0,0.0,1
2025-08-12,Organic Video,1,1,0,0.0,1
2025-08-13,Organic Shopping,1,1,0,0.0,1
2025-08-15,Organic Shopping,1,1,0,0.0,1
2025-08-17,Organic Video,1,1,0,0.0,1
2025-08-18,Organic Shopping,1,1,0,0.0,1
2025-08-20,Paid Shopping,1,1,0,0.0,1
2025-08-21,Organic Shopping,1,1,0,0.0,1
2025-08-26,Organic Shopping,1,1,0,0.0,1
2025-09-01,Organic Shopping,1,1,0,0.0,1
2025-09-02,Organic Video,1,1,0,0.0,1
2025-09-04,Organic Video,1,0,0,0.0,1
2025-09-08,Organic Video,1,1,0,0.0,1
2025-09-12,Organic Video,1,1,0,0.0,1
2025-09-16,Organic Shopping,1,1,0,0.0,1
2025-09-17,Organic Shopping,1,0,0,0.0,1
2025-09-18,Organic Video,1,0,0,0.0,1
2025-09-19,Organic Shopping,1,1,0,0.0,1
2025-09-20,Organic Shopping,1,1,0,0.0,1
2025-09-20,Organic Video,1,1,0,0.0,1
2025-09-21,Organic Video,1,0,0,0.0,1
2025-09-23,Organic Shopping,1,0,0,0.0,1
2025-09-23,Organic Video,1,1,0,0.0,1
2025-09-24,Organic Video,1,0,0,0.0,1
2025-09-26,Organic Shopping,1,0,0,0.0,1
2025-09-28,Organic Video,1,1,0,0.0,1
2025-09-29,Organic Video,1,0,0,0.0,1
2025-09-30,Organic Video,1,1,1,48.09,1
2025-10-07,Organic Shopping,1,0,0,0.0,1
2025-10-07,Organic Video,1,1,0,0.0,1
2025-10-08,Organic Shopping,1,0,0,0.0,1
2025-10-08,Organic Video,1,1,0,0.0,1
2025-10-12,Organic Shopping,1,1,0,0.0,1
2025-10-17,Organic Video,1,1,0,0.0,1
2025-10-19,Organic Video,1,0,0,0.0,1
2025-10-23,Organic Video,1,1,0,0.0,1
2025-10-26,Organic Shopping,1,1,0,0.0,1
2025-10-30,Organic Video,1,1,0,0.0,1
2025-10-31,Organic Shopping,1,1,0,0.0,1
2025-10-31,Organic Video,1,1,0,0.0,1
2025-11-03,Organic Video,1,1,0,0.0,1
2025-11-05,Organic Video,1,1,0,0.0,1
2025-11-06,Organic Shopping,1,1,0,0.0,1
2025-11-07,Paid Other,1,1,0,0.0,1
2025-11-08,Organic Video,1,1,0,0.0,1
2025-11-08,Paid Other,1,1,0,0.0,1
2025-11-09,Organic Video,1,0,0,0.0,1
2025-11-09,Paid Other,1,0,0,0.0,1
2025-11-12,Organic Video,1,1,0,0.0,1
2025-11-15,Organic Video,1,1,0,0.0,1
2025-11-17,Organic Video,1,1,0,0.0,1
2025-11-23,Organic Shopping,1,1,0,0.0,1
2025-11-23,Organic Video,1,0,0,0.0,1
2025-12-02,Organic Shopping,1,1,0,0.0,1
2025-12-04,Unassigned,1,1,0,0.0,1
2025-12-06,Unassigned,1,1,0,0.0,1
2025-12-07,Organic Shopping,1,1,0,0.0,1
2025-12-08,Unassigned,1,0,0,0.0,1
2025-12-10,Unassigned,1,0,0,0.0,1
2025-12-12,Organic Shopping,1,0,0,0.0,1
2025-12-16,Unassigned,1,1,0,0.0,1
2025-12-17,Unassigned,1,0,0,0.0,1
2025-12-18,Unassigned,1,0,0,0.0,1
2025-12-20,Email,1,0,0,0.0,1
2025-12-23,Unassigned,1,0,0,0.0,1
2025-12-24,Email,1,1,0,0.0,1
2025-12-25,Organic Social,1,1,0,0.0,1
2025-12-26,Email,1,1,0,0.0,1
2025-12-27,Email,1,1,0,0.0,1
2025-12-28,Email,1,0,0,0.0,1
2025-12-28,Organic Social,1,1,0,0.0,1
2025-12-30,Organic Video,1,1,0,0.0,1
2025-12-31,Unassigned,1,0,0,0.0,1
2026-01-01,Email,1,0,0,0.0,1
2026-01-02,Organic Shopping,1,0,0,0.0,1
2026-01-02,Organic Social,1,1,0,0.0,1
2026-01-02,Unassigned,1,0,0,0.0,1
2026-01-03,Organic Shopping,1,0,0,0.0,1
2026-01-05,Email,1,1,0,0.0,1
2026-01-31,Organic Shopping,1,1,0,0.0,1
2026-02-10,Paid Shopping,1,1,0,0.0,1
2026-02-14,Organic Shopping,1,1,0,0.0,1
2026-02-21,Organic Shopping,1,0,0,0.0,1
2026-03-05,Paid Other,1,0,0,0.0,1
2026-03-07,Paid Other,1,0,0,0.0,1
2026-03-09,Paid Other,1,1,0,0.0,1
2026-03-12,Organic Shopping,1,1,0,0.0,1
2026-03-14,Organic Shopping,1,1,0,0.0,1
2026-03-22,Organic Shopping,1,1,0,0.0,1
2026-04-20,Paid Other,1,0,0,0.0,1
2026-04-24,Paid Other,1,1,0,0.0,1
2026-04-25,Organic Shopping,1,0,0,0.0,1
2026-04-26,Organic Shopping,1,1,0,0.0,1
2026-05-03,Organic Shopping,1,1,0,0.0,1
2026-05-07,Organic Shopping,1,0,0,0.0,1
2026-05-09,Organic Shopping,1,0,0,0.0,1
2026-05-10,Paid Other,1,0,0,0.0,1
2026-05-11,Paid Other,1,1,0,0.0,1
2026-05-15,Paid Other,1,1,0,0.0,1
2026-05-24,Paid Search,1,1,0,0.0,1
2026-05-25,Organic Shopping,1,1,0,0.0,1
2026-05-28,Organic Shopping,1,1,1,80.1,1
2026-06-06,Paid Search,1,0,0,0.0,1
2026-06-07,Organic Shopping,1,1,0,0.0,1
2026-06-08,Organic Shopping,1,0,0,0.0,1
2026-06-16,AI Assistant,1,0,0,0.0,1
2026-06-16,Organic Shopping,1,1,1,54.99,1
2026-06-18,Paid Other,1,1,0,0.0,1
